date,followees,username,month,year
2022-12-01,806,rileyduckman,12,2022
2022-11-01,803,rileyduckman,11,2022
2022-10-01,800,rileyduckman,10,2022
2022-09-01,798,rileyduckman,9,2022
2022-08-01,816,rileyduckman,8,2022
2022-07-01,824,rileyduckman,7,2022
2022-06-01,817,rileyduckman,6,2022
2022-05-01,812,rileyduckman,5,2022
2022-04-01,809,rileyduckman,4,2022
2022-03-01,808,rileyduckman,3,2022
2022-02-01,803,rileyduckman,2,2022
2022-01-01,802,rileyduckman,1,2022
2021-12-01,799,rileyduckman,12,2021
2021-11-01,799,rileyduckman,11,2021
2021-10-01,800,rileyduckman,10,2021
2021-09-01,799,rileyduckman,9,2021
2021-08-01,800,rileyduckman,8,2021
2021-07-01,791,rileyduckman,7,2021
2021-06-01,817,rileyduckman,6,2021
2021-05-01,819,rileyduckman,5,2021
2021-04-01,816,rileyduckman,4,2021
2021-03-01,805,rileyduckman,3,2021
2021-02-01,804,rileyduckman,2,2021
2021-01-01,1390,rileyduckman,1,2021
2020-12-01,1368,rileyduckman,12,2020
2020-11-01,1349,rileyduckman,11,2020
2020-10-01,1344,rileyduckman,10,2020
2020-09-01,1334,rileyduckman,9,2020
2020-08-01,1326,rileyduckman,8,2020
2020-07-01,1434,rileyduckman,7,2020
2020-06-01,1684,rileyduckman,6,2020
2020-05-01,1644,rileyduckman,5,2020
2020-04-01,1627,rileyduckman,4,2020
2020-03-01,1602,rileyduckman,3,2020
2020-02-01,1607,rileyduckman,2,2020
2020-01-01,1610,rileyduckman,1,2020
2019-12-01,1615,rileyduckman,12,2019
2019-11-01,1602,rileyduckman,11,2019
2019-10-01,1579,rileyduckman,10,2019
2019-09-01,1568,rileyduckman,9,2019
2019-08-01,1509,rileyduckman,8,2019
2019-07-01,1546,rileyduckman,7,2019
2019-06-01,1529,rileyduckman,6,2019
2019-05-01,1565,rileyduckman,5,2019
2019-04-01,1535,rileyduckman,4,2019
2019-03-01,1493,rileyduckman,3,2019
2019-02-01,1466,rileyduckman,2,2019
2019-01-01,1406,rileyduckman,1,2019
2022-12-01,3642,shawnjohnson,12,2022
2022-11-01,3625,shawnjohnson,11,2022
2022-10-01,3597,shawnjohnson,10,2022
2022-09-01,3554,shawnjohnson,9,2022
2022-08-01,3527,shawnjohnson,8,2022
2022-07-01,3507,shawnjohnson,7,2022
2022-06-01,3481,shawnjohnson,6,2022
2022-05-01,3464,shawnjohnson,5,2022
2022-04-01,3432,shawnjohnson,4,2022
2022-03-01,3411,shawnjohnson,3,2022
2022-02-01,3370,shawnjohnson,2,2022
2022-01-01,3343,shawnjohnson,1,2022
2021-12-01,3311,shawnjohnson,12,2021
2021-11-01,3304,shawnjohnson,11,2021
2021-10-01,3271,shawnjohnson,10,2021
2021-09-01,3248,shawnjohnson,9,2021
2021-08-02,3223,shawnjohnson,8,2021
2021-07-01,3222,shawnjohnson,7,2021
2021-06-01,3170,shawnjohnson,6,2021
2021-05-01,3131,shawnjohnson,5,2021
2021-04-01,3102,shawnjohnson,4,2021
2021-03-01,3078,shawnjohnson,3,2021
2021-02-01,3064,shawnjohnson,2,2021
2021-01-01,3049,shawnjohnson,1,2021
2020-12-01,3042,shawnjohnson,12,2020
2020-11-01,2967,shawnjohnson,11,2020
2020-10-01,2935,shawnjohnson,10,2020
2020-09-01,2891,shawnjohnson,9,2020
2020-08-01,2870,shawnjohnson,8,2020
2020-07-01,2849,shawnjohnson,7,2020
2020-06-01,2813,shawnjohnson,6,2020
2020-05-01,2791,shawnjohnson,5,2020
2020-04-01,2769,shawnjohnson,4,2020
2020-03-01,2750,shawnjohnson,3,2020
2020-02-01,2706,shawnjohnson,2,2020
2020-01-01,2690,shawnjohnson,1,2020
2019-12-01,2663,shawnjohnson,12,2019
2019-11-01,2648,shawnjohnson,11,2019
2019-10-01,2683,shawnjohnson,10,2019
2019-09-01,2720,shawnjohnson,9,2019
2019-08-01,2717,shawnjohnson,8,2019
2019-07-01,2735,shawnjohnson,7,2019
2019-06-01,2768,shawnjohnson,6,2019
2019-05-01,2772,shawnjohnson,5,2019
2019-04-01,2785,shawnjohnson,4,2019
2019-03-01,2743,shawnjohnson,3,2019
2019-02-01,2718,shawnjohnson,2,2019
2019-01-01,2697,shawnjohnson,1,2019
2022-12-01,196,inagarten,12,2022
2022-11-01,222,inagarten,11,2022
2022-10-01,216,inagarten,10,2022
2022-09-01,213,inagarten,9,2022
2022-08-01,207,inagarten,8,2022
2022-07-01,202,inagarten,7,2022
2022-06-01,200,inagarten,6,2022
2022-05-01,187,inagarten,5,2022
2022-04-01,200,inagarten,4,2022
2022-03-01,198,inagarten,3,2022
2022-02-01,196,inagarten,2,2022
2022-01-01,186,inagarten,1,2022
2021-12-01,173,inagarten,12,2021
2021-11-01,161,inagarten,11,2021
2021-10-01,160,inagarten,10,2021
2021-09-01,151,inagarten,9,2021
2021-08-02,147,inagarten,8,2021
2021-07-01,138,inagarten,7,2021
2021-06-01,134,inagarten,6,2021
2021-05-01,128,inagarten,5,2021
2021-04-01,130,inagarten,4,2021
2021-03-01,133,inagarten,3,2021
2021-02-01,133,inagarten,2,2021
2021-01-01,125,inagarten,1,2021
2020-12-01,116,inagarten,12,2020
2020-11-01,109,inagarten,11,2020
2020-10-01,100,inagarten,10,2020
2020-09-01,100,inagarten,9,2020
2020-08-01,97,inagarten,8,2020
2020-07-01,96,inagarten,7,2020
2020-06-01,93,inagarten,6,2020
2020-05-01,89,inagarten,5,2020
2020-04-01,90,inagarten,4,2020
2020-03-01,89,inagarten,3,2020
2020-02-01,85,inagarten,2,2020
2020-01-01,88,inagarten,1,2020
2019-12-01,98,inagarten,12,2019
2019-11-01,97,inagarten,11,2019
2019-10-01,98,inagarten,10,2019
2019-09-01,101,inagarten,9,2019
2019-08-01,96,inagarten,8,2019
2019-07-01,94,inagarten,7,2019
2019-06-01,94,inagarten,6,2019
2019-05-01,92,inagarten,5,2019
2019-04-01,92,inagarten,4,2019
2019-03-01,102,inagarten,3,2019
2019-02-01,99,inagarten,2,2019
2019-01-01,99,inagarten,1,2019
2022-12-01,438,ballerinafarm,12,2022
2022-11-01,432,ballerinafarm,11,2022
2022-10-01,426,ballerinafarm,10,2022
2022-09-01,417,ballerinafarm,9,2022
2022-08-01,398,ballerinafarm,8,2022
2022-07-01,388,ballerinafarm,7,2022
2022-06-01,378,ballerinafarm,6,2022
2022-05-01,359,ballerinafarm,5,2022
2022-04-01,356,ballerinafarm,4,2022
2022-03-01,419,ballerinafarm,3,2022
2022-02-01,411,ballerinafarm,2,2022
2022-01-01,404,ballerinafarm,1,2022
2021-12-01,395,ballerinafarm,12,2021
2021-11-01,379,ballerinafarm,11,2021
2021-10-01,368,ballerinafarm,10,2021
2021-09-01,354,ballerinafarm,9,2021
2021-08-03,327,ballerinafarm,8,2021
2021-07-01,308,ballerinafarm,7,2021
2021-06-01,595,ballerinafarm,6,2021
2021-05-01,575,ballerinafarm,5,2021
2021-04-01,570,ballerinafarm,4,2021
2021-03-01,557,ballerinafarm,3,2021
2021-02-01,540,ballerinafarm,2,2021
2021-01-01,516,ballerinafarm,1,2021
2020-12-01,488,ballerinafarm,12,2020
2020-11-01,472,ballerinafarm,11,2020
2020-10-01,457,ballerinafarm,10,2020
2020-09-01,439,ballerinafarm,9,2020
2020-08-01,430,ballerinafarm,8,2020
2020-07-01,426,ballerinafarm,7,2020
2020-06-01,412,ballerinafarm,6,2020
2020-05-01,404,ballerinafarm,5,2020
2020-04-01,400,ballerinafarm,4,2020
2020-03-01,378,ballerinafarm,3,2020
2020-02-01,359,ballerinafarm,2,2020
2020-01-01,354,ballerinafarm,1,2020
2019-12-01,338,ballerinafarm,12,2019
2019-11-01,322,ballerinafarm,11,2019
2019-10-01,310,ballerinafarm,10,2019
2019-09-01,302,ballerinafarm,9,2019
2019-08-01,293,ballerinafarm,8,2019
2019-07-01,282,ballerinafarm,7,2019
2019-06-01,272,ballerinafarm,6,2019
2019-05-01,264,ballerinafarm,5,2019
2019-04-01,258,ballerinafarm,4,2019
2019-03-01,252,ballerinafarm,3,2019
2019-02-01,251,ballerinafarm,2,2019
2019-01-01,236,ballerinafarm,1,2019
2022-12-01,468,shannonsharpe84,12,2022
2022-11-01,467,shannonsharpe84,11,2022
2022-10-01,489,shannonsharpe84,10,2022
2022-09-01,498,shannonsharpe84,9,2022
2022-08-01,532,shannonsharpe84,8,2022
2022-07-01,566,shannonsharpe84,7,2022
2022-06-01,582,shannonsharpe84,6,2022
2022-05-01,579,shannonsharpe84,5,2022
2022-04-01,619,shannonsharpe84,4,2022
2022-03-01,633,shannonsharpe84,3,2022
2022-02-01,642,shannonsharpe84,2,2022
2022-01-01,643,shannonsharpe84,1,2022
2021-12-01,642,shannonsharpe84,12,2021
2021-11-01,664,shannonsharpe84,11,2021
2021-10-01,660,shannonsharpe84,10,2021
2021-09-01,686,shannonsharpe84,9,2021
2021-08-02,699,shannonsharpe84,8,2021
2021-07-01,702,shannonsharpe84,7,2021
2021-06-01,703,shannonsharpe84,6,2021
2021-05-01,693,shannonsharpe84,5,2021
2021-04-01,693,shannonsharpe84,4,2021
2021-03-01,686,shannonsharpe84,3,2021
2021-02-01,678,shannonsharpe84,2,2021
2021-01-01,692,shannonsharpe84,1,2021
2020-12-01,692,shannonsharpe84,12,2020
2020-11-01,681,shannonsharpe84,11,2020
2020-10-01,681,shannonsharpe84,10,2020
2020-09-01,671,shannonsharpe84,9,2020
2020-08-01,693,shannonsharpe84,8,2020
2020-07-01,694,shannonsharpe84,7,2020
2020-06-01,696,shannonsharpe84,6,2020
2020-05-01,694,shannonsharpe84,5,2020
2020-04-01,674,shannonsharpe84,4,2020
2020-03-01,756,shannonsharpe84,3,2020
2020-02-01,992,shannonsharpe84,2,2020
2020-01-01,962,shannonsharpe84,1,2020
2019-12-01,953,shannonsharpe84,12,2019
2019-11-01,956,shannonsharpe84,11,2019
2019-10-01,946,shannonsharpe84,10,2019
2019-09-01,937,shannonsharpe84,9,2019
2019-08-01,945,shannonsharpe84,8,2019
2019-07-01,922,shannonsharpe84,7,2019
2019-06-01,903,shannonsharpe84,6,2019
2019-05-01,873,shannonsharpe84,5,2019
2019-04-01,854,shannonsharpe84,4,2019
2019-03-01,842,shannonsharpe84,3,2019
2019-02-01,792,shannonsharpe84,2,2019
2019-01-01,777,shannonsharpe84,1,2019
2022-12-01,1032,brittanyaldean,12,2022
2022-11-01,1024,brittanyaldean,11,2022
2022-10-01,1004,brittanyaldean,10,2022
2022-09-01,1000,brittanyaldean,9,2022
2022-08-01,991,brittanyaldean,8,2022
2022-07-01,977,brittanyaldean,7,2022
2022-06-01,966,brittanyaldean,6,2022
2022-05-01,959,brittanyaldean,5,2022
2022-04-01,950,brittanyaldean,4,2022
2022-03-01,951,brittanyaldean,3,2022
2022-02-01,953,brittanyaldean,2,2022
2022-01-01,946,brittanyaldean,1,2022
2021-12-01,932,brittanyaldean,12,2021
2021-11-01,922,brittanyaldean,11,2021
2021-10-01,915,brittanyaldean,10,2021
2021-09-01,898,brittanyaldean,9,2021
2021-08-02,885,brittanyaldean,8,2021
2021-07-01,875,brittanyaldean,7,2021
2021-06-01,859,brittanyaldean,6,2021
2021-05-01,854,brittanyaldean,5,2021
2021-04-01,839,brittanyaldean,4,2021
2021-03-02,822,brittanyaldean,3,2021
2021-02-01,809,brittanyaldean,2,2021
2021-01-01,801,brittanyaldean,1,2021
2020-12-01,788,brittanyaldean,12,2020
2020-11-01,783,brittanyaldean,11,2020
2020-10-01,772,brittanyaldean,10,2020
2020-09-01,749,brittanyaldean,9,2020
2020-08-01,744,brittanyaldean,8,2020
2020-07-01,732,brittanyaldean,7,2020
2020-06-01,733,brittanyaldean,6,2020
2020-05-01,723,brittanyaldean,5,2020
2020-04-01,720,brittanyaldean,4,2020
2020-03-01,715,brittanyaldean,3,2020
2020-02-01,711,brittanyaldean,2,2020
2020-01-01,703,brittanyaldean,1,2020
2019-12-01,701,brittanyaldean,12,2019
2019-11-01,694,brittanyaldean,11,2019
2019-10-01,684,brittanyaldean,10,2019
2019-09-01,675,brittanyaldean,9,2019
2019-08-01,661,brittanyaldean,8,2019
2019-07-01,650,brittanyaldean,7,2019
2019-06-01,646,brittanyaldean,6,2019
2019-05-01,639,brittanyaldean,5,2019
2019-04-01,632,brittanyaldean,4,2019
2019-03-01,626,brittanyaldean,3,2019
2019-02-01,621,brittanyaldean,2,2019
2019-01-01,622,brittanyaldean,1,2019
2022-12-01,3363,horo.scopesdaily,12,2022
2022-11-01,3371,horo.scopesdaily,11,2022
2022-10-01,3386,horo.scopesdaily,10,2022
2022-09-01,3394,horo.scopesdaily,9,2022
2022-08-01,3398,horo.scopesdaily,8,2022
2022-07-01,3398,horo.scopesdaily,7,2022
2022-06-01,3404,horo.scopesdaily,6,2022
2022-05-01,3404,horo.scopesdaily,5,2022
2022-04-01,3412,horo.scopesdaily,4,2022
2022-03-01,3414,horo.scopesdaily,3,2022
2022-02-01,3421,horo.scopesdaily,2,2022
2022-01-01,3429,horo.scopesdaily,1,2022
2021-12-01,3438,horo.scopesdaily,12,2021
2021-11-01,3448,horo.scopesdaily,11,2021
2021-10-01,3450,horo.scopesdaily,10,2021
2021-09-01,3465,horo.scopesdaily,9,2021
2021-08-02,3474,horo.scopesdaily,8,2021
2021-07-01,3478,horo.scopesdaily,7,2021
2021-06-01,3492,horo.scopesdaily,6,2021
2021-05-01,3497,horo.scopesdaily,5,2021
2021-04-01,3504,horo.scopesdaily,4,2021
2021-03-01,3494,horo.scopesdaily,3,2021
2021-02-01,3512,horo.scopesdaily,2,2021
2021-01-01,3537,horo.scopesdaily,1,2021
2020-12-01,3550,horo.scopesdaily,12,2020
2020-11-01,3559,horo.scopesdaily,11,2020
2020-10-01,3567,horo.scopesdaily,10,2020
2020-09-01,3581,horo.scopesdaily,9,2020
2020-08-01,3595,horo.scopesdaily,8,2020
2020-07-01,3599,horo.scopesdaily,7,2020
2020-06-01,3620,horo.scopesdaily,6,2020
2020-05-02,3631,horo.scopesdaily,5,2020
2020-04-01,3648,horo.scopesdaily,4,2020
2020-03-01,3656,horo.scopesdaily,3,2020
2020-02-01,3660,horo.scopesdaily,2,2020
2020-01-01,3673,horo.scopesdaily,1,2020
2019-12-01,3690,horo.scopesdaily,12,2019
2019-11-01,3703,horo.scopesdaily,11,2019
2019-10-01,3709,horo.scopesdaily,10,2019
2019-09-01,3747,horo.scopesdaily,9,2019
2019-08-01,3752,horo.scopesdaily,8,2019
2019-07-01,3763,horo.scopesdaily,7,2019
2019-06-01,3770,horo.scopesdaily,6,2019
2019-05-01,3781,horo.scopesdaily,5,2019
2019-04-01,3801,horo.scopesdaily,4,2019
2019-03-02,3802,horo.scopesdaily,3,2019
2019-02-09,3812,horo.scopesdaily,2,2019
2019-01-01,3807,horo.scopesdaily,1,2019
2022-12-01,220,laur_akins,12,2022
2022-11-01,219,laur_akins,11,2022
2022-10-01,219,laur_akins,10,2022
2022-09-01,220,laur_akins,9,2022
2022-08-01,220,laur_akins,8,2022
2022-07-01,220,laur_akins,7,2022
2022-06-01,221,laur_akins,6,2022
2022-05-01,221,laur_akins,5,2022
2022-04-01,221,laur_akins,4,2022
2022-03-01,222,laur_akins,3,2022
2022-02-01,222,laur_akins,2,2022
2022-01-01,222,laur_akins,1,2022
2021-12-01,222,laur_akins,12,2021
2021-11-01,218,laur_akins,11,2021
2021-10-01,217,laur_akins,10,2021
2021-09-01,217,laur_akins,9,2021
2021-08-03,218,laur_akins,8,2021
2021-07-01,219,laur_akins,7,2021
2021-06-01,219,laur_akins,6,2021
2021-05-01,212,laur_akins,5,2021
2021-04-01,213,laur_akins,4,2021
2021-03-01,211,laur_akins,3,2021
2021-02-01,210,laur_akins,2,2021
2021-01-01,210,laur_akins,1,2021
2020-12-01,209,laur_akins,12,2020
2020-11-01,204,laur_akins,11,2020
2020-10-01,204,laur_akins,10,2020
2020-09-01,199,laur_akins,9,2020
2020-08-01,202,laur_akins,8,2020
2020-07-01,202,laur_akins,7,2020
2020-06-01,203,laur_akins,6,2020
2020-05-01,203,laur_akins,5,2020
2020-04-01,203,laur_akins,4,2020
2020-03-01,202,laur_akins,3,2020
2020-02-01,202,laur_akins,2,2020
2020-01-01,201,laur_akins,1,2020
2019-12-01,201,laur_akins,12,2019
2019-11-01,201,laur_akins,11,2019
2019-10-01,199,laur_akins,10,2019
2019-09-01,197,laur_akins,9,2019
2019-08-01,197,laur_akins,8,2019
2019-07-01,197,laur_akins,7,2019
2019-06-01,200,laur_akins,6,2019
2019-05-02,200,laur_akins,5,2019
2019-04-01,201,laur_akins,4,2019
2019-03-01,201,laur_akins,3,2019
2019-02-01,198,laur_akins,2,2019
2019-01-01,197,laur_akins,1,2019
2022-12-01,1446,joelle_fletcher,12,2022
2022-11-01,1441,joelle_fletcher,11,2022
2022-10-01,1434,joelle_fletcher,10,2022
2022-09-01,1429,joelle_fletcher,9,2022
2022-08-01,1424,joelle_fletcher,8,2022
2022-07-01,1414,joelle_fletcher,7,2022
2022-06-01,1411,joelle_fletcher,6,2022
2022-05-01,1406,joelle_fletcher,5,2022
2022-04-01,1392,joelle_fletcher,4,2022
2022-03-01,1369,joelle_fletcher,3,2022
2022-02-01,1359,joelle_fletcher,2,2022
2022-01-01,1346,joelle_fletcher,1,2022
2021-12-01,1335,joelle_fletcher,12,2021
2021-11-01,1326,joelle_fletcher,11,2021
2021-10-01,1323,joelle_fletcher,10,2021
2021-09-01,1306,joelle_fletcher,9,2021
2021-08-01,1290,joelle_fletcher,8,2021
2021-07-01,1266,joelle_fletcher,7,2021
2021-06-01,1260,joelle_fletcher,6,2021
2021-05-01,1243,joelle_fletcher,5,2021
2021-04-01,1221,joelle_fletcher,4,2021
2021-03-01,1201,joelle_fletcher,3,2021
2021-02-01,1192,joelle_fletcher,2,2021
2021-01-01,1171,joelle_fletcher,1,2021
2020-12-01,1154,joelle_fletcher,12,2020
2020-11-01,1126,joelle_fletcher,11,2020
2020-10-01,1103,joelle_fletcher,10,2020
2020-09-01,1084,joelle_fletcher,9,2020
2020-08-01,1078,joelle_fletcher,8,2020
2020-07-01,1074,joelle_fletcher,7,2020
2020-06-01,1081,joelle_fletcher,6,2020
2020-05-01,1066,joelle_fletcher,5,2020
2020-04-01,1058,joelle_fletcher,4,2020
2020-03-01,1050,joelle_fletcher,3,2020
2020-02-01,1032,joelle_fletcher,2,2020
2020-01-01,1014,joelle_fletcher,1,2020
2019-12-01,1006,joelle_fletcher,12,2019
2019-11-01,991,joelle_fletcher,11,2019
2019-10-01,981,joelle_fletcher,10,2019
2019-09-01,958,joelle_fletcher,9,2019
2019-08-01,914,joelle_fletcher,8,2019
2019-07-12,906,joelle_fletcher,7,2019
2019-05-01,836,joelle_fletcher,5,2019
2019-04-26,834,joelle_fletcher,4,2019
2019-03-01,780,joelle_fletcher,3,2019
2019-02-01,749,joelle_fletcher,2,2019
2019-01-01,734,joelle_fletcher,1,2019
2022-12-01,708,theprettymess,12,2022
2022-11-01,699,theprettymess,11,2022
2022-10-01,693,theprettymess,10,2022
2022-09-01,687,theprettymess,9,2022
2022-08-01,679,theprettymess,8,2022
2022-07-01,672,theprettymess,7,2022
2022-06-01,664,theprettymess,6,2022
2022-05-01,658,theprettymess,5,2022
2022-04-01,644,theprettymess,4,2022
2022-03-01,621,theprettymess,3,2022
2022-02-01,607,theprettymess,2,2022
2022-01-01,596,theprettymess,1,2022
2021-12-01,580,theprettymess,12,2021
2021-11-01,556,theprettymess,11,2021
2021-10-01,552,theprettymess,10,2021
2021-09-01,546,theprettymess,9,2021
2021-08-03,547,theprettymess,8,2021
2021-07-01,545,theprettymess,7,2021
2021-06-01,558,theprettymess,6,2021
2021-05-01,559,theprettymess,5,2021
2021-04-01,555,theprettymess,4,2021
2021-03-01,548,theprettymess,3,2021
2021-02-02,541,theprettymess,2,2021
2021-01-01,528,theprettymess,1,2021
2020-12-01,520,theprettymess,12,2020
2020-11-01,513,theprettymess,11,2020
2020-10-01,510,theprettymess,10,2020
2020-09-01,506,theprettymess,9,2020
2020-08-01,505,theprettymess,8,2020
2020-07-01,504,theprettymess,7,2020
2020-06-01,508,theprettymess,6,2020
2020-05-01,509,theprettymess,5,2020
2020-04-01,532,theprettymess,4,2020
2020-03-01,522,theprettymess,3,2020
2020-02-01,512,theprettymess,2,2020
2020-01-01,507,theprettymess,1,2020
2019-12-01,505,theprettymess,12,2019
2019-11-01,499,theprettymess,11,2019
2019-10-01,501,theprettymess,10,2019
2019-09-01,491,theprettymess,9,2019
2019-08-20,498,theprettymess,8,2019
2019-04-01,499,theprettymess,4,2019
2019-03-01,482,theprettymess,3,2019
2019-02-01,473,theprettymess,2,2019
2019-01-01,462,theprettymess,1,2019
2022-12-01,455,ozthementalist,12,2022
2022-11-01,454,ozthementalist,11,2022
2022-10-01,450,ozthementalist,10,2022
2022-09-01,447,ozthementalist,9,2022
2022-08-01,444,ozthementalist,8,2022
2022-07-01,446,ozthementalist,7,2022
2022-06-01,440,ozthementalist,6,2022
2022-05-01,436,ozthementalist,5,2022
2022-04-01,431,ozthementalist,4,2022
2022-03-01,428,ozthementalist,3,2022
2022-02-01,427,ozthementalist,2,2022
2022-01-01,422,ozthementalist,1,2022
2021-12-01,419,ozthementalist,12,2021
2021-11-01,412,ozthementalist,11,2021
2021-10-01,409,ozthementalist,10,2021
2021-09-01,408,ozthementalist,9,2021
2021-08-01,408,ozthementalist,8,2021
2021-07-01,403,ozthementalist,7,2021
2021-06-01,422,ozthementalist,6,2021
2021-05-01,421,ozthementalist,5,2021
2021-04-02,419,ozthementalist,4,2021
2021-03-01,418,ozthementalist,3,2021
2021-02-01,414,ozthementalist,2,2021
2021-01-01,413,ozthementalist,1,2021
2020-12-01,407,ozthementalist,12,2020
2020-11-01,405,ozthementalist,11,2020
2020-10-01,402,ozthementalist,10,2020
2020-09-01,397,ozthementalist,9,2020
2020-08-01,393,ozthementalist,8,2020
2020-07-01,383,ozthementalist,7,2020
2020-06-01,385,ozthementalist,6,2020
2020-05-01,380,ozthementalist,5,2020
2020-04-01,374,ozthementalist,4,2020
2020-03-01,370,ozthementalist,3,2020
2020-02-01,362,ozthementalist,2,2020
2020-01-01,352,ozthementalist,1,2020
2019-12-01,348,ozthementalist,12,2019
2019-11-01,381,ozthementalist,11,2019
2019-10-01,378,ozthementalist,10,2019
2019-09-01,376,ozthementalist,9,2019
2019-08-01,372,ozthementalist,8,2019
2019-07-01,372,ozthementalist,7,2019
2019-06-01,370,ozthementalist,6,2019
2019-05-01,368,ozthementalist,5,2019
2019-04-01,365,ozthementalist,4,2019
2019-03-02,358,ozthementalist,3,2019
2019-02-01,355,ozthementalist,2,2019
2019-01-01,350,ozthementalist,1,2019
2022-12-01,1417,krista.horton,12,2022
2022-11-01,1400,krista.horton,11,2022
2022-10-01,1390,krista.horton,10,2022
2022-09-01,1350,krista.horton,9,2022
2022-08-01,1317,krista.horton,8,2022
2022-07-01,1308,krista.horton,7,2022
2022-06-01,1272,krista.horton,6,2022
2022-05-01,1255,krista.horton,5,2022
2022-04-01,1229,krista.horton,4,2022
2022-03-01,1221,krista.horton,3,2022
2022-02-01,1188,krista.horton,2,2022
2022-01-01,1188,krista.horton,1,2022
2021-12-01,1159,krista.horton,12,2021
2021-11-01,1149,krista.horton,11,2021
2021-10-01,1115,krista.horton,10,2021
2021-09-01,1084,krista.horton,9,2021
2021-08-01,1061,krista.horton,8,2021
2021-07-01,1037,krista.horton,7,2021
2021-06-01,1008,krista.horton,6,2021
2021-05-01,1003,krista.horton,5,2021
2021-04-01,991,krista.horton,4,2021
2021-03-01,980,krista.horton,3,2021
2021-02-01,967,krista.horton,2,2021
2021-01-01,955,krista.horton,1,2021
2020-12-01,944,krista.horton,12,2020
2020-11-01,940,krista.horton,11,2020
2020-10-01,932,krista.horton,10,2020
2020-09-01,923,krista.horton,9,2020
2020-08-01,924,krista.horton,8,2020
2020-07-01,922,krista.horton,7,2020
2020-06-01,923,krista.horton,6,2020
2020-05-01,917,krista.horton,5,2020
2020-04-01,908,krista.horton,4,2020
2020-03-01,898,krista.horton,3,2020
2020-02-01,891,krista.horton,2,2020
2020-01-01,886,krista.horton,1,2020
2019-12-01,896,krista.horton,12,2019
2019-11-01,890,krista.horton,11,2019
2019-10-01,882,krista.horton,10,2019
2019-09-01,870,krista.horton,9,2019
2019-08-20,869,krista.horton,8,2019
2019-04-01,860,krista.horton,4,2019
2019-03-01,849,krista.horton,3,2019
2019-02-01,852,krista.horton,2,2019
2019-01-01,847,krista.horton,1,2019
2022-12-01,1002,witneycarson,12,2022
2022-11-01,1002,witneycarson,11,2022
2022-10-01,996,witneycarson,10,2022
2022-09-01,984,witneycarson,9,2022
2022-08-01,979,witneycarson,8,2022
2022-07-01,972,witneycarson,7,2022
2022-06-01,974,witneycarson,6,2022
2022-05-01,971,witneycarson,5,2022
2022-04-01,963,witneycarson,4,2022
2022-03-01,960,witneycarson,3,2022
2022-02-01,950,witneycarson,2,2022
2022-01-01,942,witneycarson,1,2022
2021-12-01,936,witneycarson,12,2021
2021-11-01,935,witneycarson,11,2021
2021-10-01,932,witneycarson,10,2021
2021-09-01,921,witneycarson,9,2021
2021-08-01,918,witneycarson,8,2021
2021-07-01,896,witneycarson,7,2021
2021-06-01,890,witneycarson,6,2021
2021-05-01,887,witneycarson,5,2021
2021-04-01,882,witneycarson,4,2021
2021-03-01,879,witneycarson,3,2021
2021-02-01,872,witneycarson,2,2021
2021-01-01,870,witneycarson,1,2021
2020-12-01,869,witneycarson,12,2020
2020-11-01,868,witneycarson,11,2020
2020-10-01,869,witneycarson,10,2020
2020-09-01,863,witneycarson,9,2020
2020-08-01,860,witneycarson,8,2020
2020-07-01,857,witneycarson,7,2020
2020-06-01,853,witneycarson,6,2020
2020-05-01,853,witneycarson,5,2020
2020-04-01,854,witneycarson,4,2020
2020-03-01,847,witneycarson,3,2020
2020-02-01,833,witneycarson,2,2020
2020-01-01,830,witneycarson,1,2020
2019-12-01,823,witneycarson,12,2019
2019-11-01,822,witneycarson,11,2019
2019-10-01,818,witneycarson,10,2019
2019-09-01,807,witneycarson,9,2019
2019-08-01,801,witneycarson,8,2019
2019-07-01,801,witneycarson,7,2019
2019-06-01,785,witneycarson,6,2019
2019-05-02,778,witneycarson,5,2019
2019-04-01,769,witneycarson,4,2019
2019-03-01,756,witneycarson,3,2019
2019-02-01,751,witneycarson,2,2019
2019-01-01,745,witneycarson,1,2019
2022-12-01,1376,myaplanet9,12,2022
2022-11-01,1377,myaplanet9,11,2022
2022-10-01,1369,myaplanet9,10,2022
2022-09-01,1363,myaplanet9,9,2022
2022-08-01,1369,myaplanet9,8,2022
2022-07-01,1360,myaplanet9,7,2022
2022-06-01,1351,myaplanet9,6,2022
2022-05-01,1355,myaplanet9,5,2022
2022-04-01,1357,myaplanet9,4,2022
2022-03-01,1355,myaplanet9,3,2022
2022-02-01,1352,myaplanet9,2,2022
2022-01-01,1353,myaplanet9,1,2022
2021-12-01,1341,myaplanet9,12,2021
2021-11-01,1344,myaplanet9,11,2021
2021-10-01,1340,myaplanet9,10,2021
2021-09-02,1337,myaplanet9,9,2021
2021-08-01,1342,myaplanet9,8,2021
2021-07-01,1339,myaplanet9,7,2021
2021-06-01,1325,myaplanet9,6,2021
2021-05-01,1316,myaplanet9,5,2021
2021-04-01,1313,myaplanet9,4,2021
2021-03-01,1302,myaplanet9,3,2021
2021-02-01,1300,myaplanet9,2,2021
2021-01-01,1298,myaplanet9,1,2021
2020-12-01,1301,myaplanet9,12,2020
2020-11-01,1289,myaplanet9,11,2020
2020-10-01,1282,myaplanet9,10,2020
2020-09-01,1279,myaplanet9,9,2020
2020-08-01,1274,myaplanet9,8,2020
2020-07-01,1348,myaplanet9,7,2020
2020-06-01,1380,myaplanet9,6,2020
2020-05-01,1390,myaplanet9,5,2020
2020-04-01,1391,myaplanet9,4,2020
2020-03-01,1387,myaplanet9,3,2020
2020-02-01,1385,myaplanet9,2,2020
2020-01-01,1382,myaplanet9,1,2020
2019-12-01,1372,myaplanet9,12,2019
2019-11-01,1369,myaplanet9,11,2019
2019-10-01,1359,myaplanet9,10,2019
2019-09-01,1353,myaplanet9,9,2019
2019-08-01,1337,myaplanet9,8,2019
2019-07-01,1320,myaplanet9,7,2019
2019-06-01,1314,myaplanet9,6,2019
2019-05-01,1301,myaplanet9,5,2019
2019-04-01,1284,myaplanet9,4,2019
2019-03-01,1275,myaplanet9,3,2019
2019-02-01,1279,myaplanet9,2,2019
2019-01-01,1277,myaplanet9,1,2019
2022-12-01,1131,christianmccaffrey,12,2022
2022-11-01,1114,christianmccaffrey,11,2022
2022-10-01,1099,christianmccaffrey,10,2022
2022-09-01,1094,christianmccaffrey,9,2022
2022-08-01,1077,christianmccaffrey,8,2022
2022-07-01,1058,christianmccaffrey,7,2022
2022-06-01,1038,christianmccaffrey,6,2022
2022-05-01,1034,christianmccaffrey,5,2022
2022-04-01,1018,christianmccaffrey,4,2022
2022-03-01,1004,christianmccaffrey,3,2022
2022-02-01,992,christianmccaffrey,2,2022
2022-01-01,998,christianmccaffrey,1,2022
2021-12-01,996,christianmccaffrey,12,2021
2021-11-01,998,christianmccaffrey,11,2021
2021-10-01,1001,christianmccaffrey,10,2021
2021-09-01,998,christianmccaffrey,9,2021
2021-08-03,998,christianmccaffrey,8,2021
2021-07-01,994,christianmccaffrey,7,2021
2021-06-01,996,christianmccaffrey,6,2021
2021-05-01,998,christianmccaffrey,5,2021
2021-04-01,995,christianmccaffrey,4,2021
2021-03-01,995,christianmccaffrey,3,2021
2021-02-01,997,christianmccaffrey,2,2021
2021-01-01,999,christianmccaffrey,1,2021
2020-12-01,998,christianmccaffrey,12,2020
2020-11-01,997,christianmccaffrey,11,2020
2020-10-01,997,christianmccaffrey,10,2020
2020-09-01,996,christianmccaffrey,9,2020
2020-08-01,997,christianmccaffrey,8,2020
2020-07-01,997,christianmccaffrey,7,2020
2020-06-01,994,christianmccaffrey,6,2020
2020-05-01,999,christianmccaffrey,5,2020
2020-04-01,999,christianmccaffrey,4,2020
2020-03-01,994,christianmccaffrey,3,2020
2020-02-01,994,christianmccaffrey,2,2020
2020-01-01,992,christianmccaffrey,1,2020
2019-12-01,974,christianmccaffrey,12,2019
2019-11-01,970,christianmccaffrey,11,2019
2019-10-01,955,christianmccaffrey,10,2019
2019-09-01,944,christianmccaffrey,9,2019
2019-08-01,942,christianmccaffrey,8,2019
2019-07-01,935,christianmccaffrey,7,2019
2019-06-01,922,christianmccaffrey,6,2019
2019-05-01,957,christianmccaffrey,5,2019
2019-04-01,942,christianmccaffrey,4,2019
2019-03-02,948,christianmccaffrey,3,2019
2019-02-01,977,christianmccaffrey,2,2019
2019-01-01,945,christianmccaffrey,1,2019
2022-12-01,355,hairby_chrissy,12,2022
2022-11-24,355,hairby_chrissy,11,2022
2022-03-01,439,hairby_chrissy,3,2022
2022-02-01,438,hairby_chrissy,2,2022
2022-01-01,432,hairby_chrissy,1,2022
2021-12-01,425,hairby_chrissy,12,2021
2021-11-01,408,hairby_chrissy,11,2021
2021-10-01,434,hairby_chrissy,10,2021
2021-09-01,431,hairby_chrissy,9,2021
2021-08-03,440,hairby_chrissy,8,2021
2021-07-01,440,hairby_chrissy,7,2021
2021-06-01,407,hairby_chrissy,6,2021
2021-05-01,396,hairby_chrissy,5,2021
2021-04-01,381,hairby_chrissy,4,2021
2021-03-01,348,hairby_chrissy,3,2021
2021-02-02,316,hairby_chrissy,2,2021
2021-01-01,292,hairby_chrissy,1,2021
2020-12-01,274,hairby_chrissy,12,2020
2020-11-01,258,hairby_chrissy,11,2020
2020-10-01,226,hairby_chrissy,10,2020
2020-09-01,211,hairby_chrissy,9,2020
2020-08-01,200,hairby_chrissy,8,2020
2020-07-01,200,hairby_chrissy,7,2020
2020-06-01,209,hairby_chrissy,6,2020
2020-05-01,213,hairby_chrissy,5,2020
2020-04-01,207,hairby_chrissy,4,2020
2020-03-01,198,hairby_chrissy,3,2020
2020-02-01,241,hairby_chrissy,2,2020
2020-01-01,227,hairby_chrissy,1,2020
2019-12-01,223,hairby_chrissy,12,2019
2019-11-01,222,hairby_chrissy,11,2019
2019-10-01,223,hairby_chrissy,10,2019
2019-09-01,217,hairby_chrissy,9,2019
2019-08-01,202,hairby_chrissy,8,2019
2019-07-01,197,hairby_chrissy,7,2019
2019-06-01,197,hairby_chrissy,6,2019
2019-05-01,199,hairby_chrissy,5,2019
2019-04-01,200,hairby_chrissy,4,2019
2019-03-01,217,hairby_chrissy,3,2019
2019-02-01,215,hairby_chrissy,2,2019
2019-01-01,215,hairby_chrissy,1,2019
2022-12-01,2866,codyrigsby,12,2022
2022-11-01,2830,codyrigsby,11,2022
2022-10-01,2778,codyrigsby,10,2022
2022-09-01,2720,codyrigsby,9,2022
2022-08-01,2629,codyrigsby,8,2022
2022-07-01,2568,codyrigsby,7,2022
2022-06-01,2517,codyrigsby,6,2022
2022-05-01,2461,codyrigsby,5,2022
2022-04-01,2360,codyrigsby,4,2022
2022-03-01,2296,codyrigsby,3,2022
2022-02-01,2249,codyrigsby,2,2022
2022-01-01,2220,codyrigsby,1,2022
2021-12-01,2186,codyrigsby,12,2021
2021-11-01,2165,codyrigsby,11,2021
2021-10-01,2146,codyrigsby,10,2021
2021-09-01,2090,codyrigsby,9,2021
2021-08-02,2054,codyrigsby,8,2021
2021-07-01,2007,codyrigsby,7,2021
2021-06-01,1952,codyrigsby,6,2021
2021-05-01,1918,codyrigsby,5,2021
2021-04-01,1890,codyrigsby,4,2021
2021-03-01,1857,codyrigsby,3,2021
2021-02-01,1843,codyrigsby,2,2021
2021-01-01,1819,codyrigsby,1,2021
2020-12-01,1801,codyrigsby,12,2020
2020-11-01,1782,codyrigsby,11,2020
2020-10-01,1767,codyrigsby,10,2020
2020-09-01,1750,codyrigsby,9,2020
2020-08-01,1730,codyrigsby,8,2020
2020-07-01,1699,codyrigsby,7,2020
2020-06-01,1671,codyrigsby,6,2020
2020-05-01,1643,codyrigsby,5,2020
2020-04-01,1581,codyrigsby,4,2020
2020-03-01,1559,codyrigsby,3,2020
2020-02-01,1536,codyrigsby,2,2020
2020-01-01,1524,codyrigsby,1,2020
2019-12-01,1516,codyrigsby,12,2019
2019-11-01,1496,codyrigsby,11,2019
2019-10-01,1489,codyrigsby,10,2019
2019-09-01,1525,codyrigsby,9,2019
2019-08-01,1524,codyrigsby,8,2019
2019-07-01,1502,codyrigsby,7,2019
2019-06-01,1494,codyrigsby,6,2019
2019-05-01,1480,codyrigsby,5,2019
2019-04-01,1482,codyrigsby,4,2019
2019-03-02,1470,codyrigsby,3,2019
2019-02-01,1465,codyrigsby,2,2019
2019-01-01,1449,codyrigsby,1,2019
2022-12-01,1620,jadelizroper,12,2022
2022-11-01,1588,jadelizroper,11,2022
2022-10-01,1566,jadelizroper,10,2022
2022-09-01,1533,jadelizroper,9,2022
2022-08-01,1513,jadelizroper,8,2022
2022-07-01,1505,jadelizroper,7,2022
2022-06-01,1474,jadelizroper,6,2022
2022-05-01,1462,jadelizroper,5,2022
2022-04-01,1395,jadelizroper,4,2022
2022-03-01,1342,jadelizroper,3,2022
2022-02-01,1282,jadelizroper,2,2022
2022-01-01,1219,jadelizroper,1,2022
2021-12-01,1175,jadelizroper,12,2021
2021-11-01,1150,jadelizroper,11,2021
2021-10-01,1142,jadelizroper,10,2021
2021-09-01,1124,jadelizroper,9,2021
2021-08-01,1107,jadelizroper,8,2021
2021-07-01,1113,jadelizroper,7,2021
2021-06-01,1098,jadelizroper,6,2021
2021-05-01,1101,jadelizroper,5,2021
2021-04-01,1071,jadelizroper,4,2021
2021-03-01,1050,jadelizroper,3,2021
2021-02-01,1022,jadelizroper,2,2021
2021-01-01,1000,jadelizroper,1,2021
2020-12-01,981,jadelizroper,12,2020
2020-11-01,977,jadelizroper,11,2020
2020-10-01,969,jadelizroper,10,2020
2020-09-01,964,jadelizroper,9,2020
2020-08-01,940,jadelizroper,8,2020
2020-07-01,940,jadelizroper,7,2020
2020-06-01,922,jadelizroper,6,2020
2020-05-01,911,jadelizroper,5,2020
2020-04-01,908,jadelizroper,4,2020
2020-03-01,886,jadelizroper,3,2020
2020-02-01,875,jadelizroper,2,2020
2020-01-01,857,jadelizroper,1,2020
2019-12-01,848,jadelizroper,12,2019
2019-11-01,827,jadelizroper,11,2019
2019-10-01,808,jadelizroper,10,2019
2019-09-01,779,jadelizroper,9,2019
2019-08-01,767,jadelizroper,8,2019
2019-07-01,759,jadelizroper,7,2019
2019-06-01,749,jadelizroper,6,2019
2019-05-02,731,jadelizroper,5,2019
2019-04-01,711,jadelizroper,4,2019
2019-03-01,687,jadelizroper,3,2019
2019-02-01,660,jadelizroper,2,2019
2019-01-01,635,jadelizroper,1,2019
2022-12-01,29,duggarfam,12,2022
2022-11-01,29,duggarfam,11,2022
2022-10-01,29,duggarfam,10,2022
2022-09-01,30,duggarfam,9,2022
2022-08-01,30,duggarfam,8,2022
2022-07-01,30,duggarfam,7,2022
2022-06-01,30,duggarfam,6,2022
2022-05-01,29,duggarfam,5,2022
2022-04-01,29,duggarfam,4,2022
2022-03-01,28,duggarfam,3,2022
2022-02-01,28,duggarfam,2,2022
2022-01-01,28,duggarfam,1,2022
2021-12-01,28,duggarfam,12,2021
2021-11-01,28,duggarfam,11,2021
2021-10-01,28,duggarfam,10,2021
2021-09-01,28,duggarfam,9,2021
2021-08-02,28,duggarfam,8,2021
2021-07-01,28,duggarfam,7,2021
2021-06-01,28,duggarfam,6,2021
2021-05-01,28,duggarfam,5,2021
2021-04-01,28,duggarfam,4,2021
2021-03-01,28,duggarfam,3,2021
2021-02-01,28,duggarfam,2,2021
2021-01-01,28,duggarfam,1,2021
2020-12-02,28,duggarfam,12,2020
2020-11-01,26,duggarfam,11,2020
2020-10-01,26,duggarfam,10,2020
2020-09-01,24,duggarfam,9,2020
2020-08-01,24,duggarfam,8,2020
2020-07-01,41,duggarfam,7,2020
2020-06-01,37,duggarfam,6,2020
2020-05-01,37,duggarfam,5,2020
2020-04-01,37,duggarfam,4,2020
2020-03-01,36,duggarfam,3,2020
2020-02-01,36,duggarfam,2,2020
2020-01-01,36,duggarfam,1,2020
2019-12-01,35,duggarfam,12,2019
2019-11-01,36,duggarfam,11,2019
2019-10-01,34,duggarfam,10,2019
2019-09-01,33,duggarfam,9,2019
2019-08-01,33,duggarfam,8,2019
2019-07-01,33,duggarfam,7,2019
2019-06-01,32,duggarfam,6,2019
2019-05-01,32,duggarfam,5,2019
2019-04-01,29,duggarfam,4,2019
2019-03-01,30,duggarfam,3,2019
2019-02-01,30,duggarfam,2,2019
2019-01-01,29,duggarfam,1,2019
2022-12-01,327,chikalogy,12,2022
2022-11-01,318,chikalogy,11,2022
2022-10-01,278,chikalogy,10,2022
2022-09-01,253,chikalogy,9,2022
2022-08-01,221,chikalogy,8,2022
2022-07-01,192,chikalogy,7,2022
2022-06-01,174,chikalogy,6,2022
2022-05-01,159,chikalogy,5,2022
2022-04-01,152,chikalogy,4,2022
2022-03-01,131,chikalogy,3,2022
2022-02-01,110,chikalogy,2,2022
2022-01-01,63,chikalogy,1,2022
2021-12-01,56,chikalogy,12,2021
2021-11-01,956,chikalogy,11,2021
2021-10-01,944,chikalogy,10,2021
2021-09-01,934,chikalogy,9,2021
2021-08-03,928,chikalogy,8,2021
2021-07-01,926,chikalogy,7,2021
2021-06-01,915,chikalogy,6,2021
2021-05-01,906,chikalogy,5,2021
2021-04-01,903,chikalogy,4,2021
2021-03-01,897,chikalogy,3,2021
2021-02-01,883,chikalogy,2,2021
2021-01-01,886,chikalogy,1,2021
2020-12-01,875,chikalogy,12,2020
2020-11-01,871,chikalogy,11,2020
2020-10-01,858,chikalogy,10,2020
2020-09-01,851,chikalogy,9,2020
2020-08-01,838,chikalogy,8,2020
2020-07-01,825,chikalogy,7,2020
2020-06-01,802,chikalogy,6,2020
2020-05-01,790,chikalogy,5,2020
2020-04-01,780,chikalogy,4,2020
2020-03-01,749,chikalogy,3,2020
2020-02-01,741,chikalogy,2,2020
2020-01-20,737,chikalogy,1,2020
2019-11-01,719,chikalogy,11,2019
2019-10-01,702,chikalogy,10,2019
2019-09-01,972,chikalogy,9,2019
2019-08-20,975,chikalogy,8,2019
2019-04-01,963,chikalogy,4,2019
2019-03-02,971,chikalogy,3,2019
2019-02-01,987,chikalogy,2,2019
2019-01-01,994,chikalogy,1,2019
2022-12-01,1357,beccatilley,12,2022
2022-11-01,1345,beccatilley,11,2022
2022-10-01,1331,beccatilley,10,2022
2022-09-01,1312,beccatilley,9,2022
2022-08-01,1295,beccatilley,8,2022
2022-07-01,1275,beccatilley,7,2022
2022-06-01,1312,beccatilley,6,2022
2022-05-01,1294,beccatilley,5,2022
2022-04-01,1289,beccatilley,4,2022
2022-03-01,1267,beccatilley,3,2022
2022-02-01,1246,beccatilley,2,2022
2022-01-01,1234,beccatilley,1,2022
2021-12-01,1216,beccatilley,12,2021
2021-11-01,1196,beccatilley,11,2021
2021-10-01,1190,beccatilley,10,2021
2021-09-01,1178,beccatilley,9,2021
2021-08-02,1175,beccatilley,8,2021
2021-07-01,1156,beccatilley,7,2021
2021-06-01,1143,beccatilley,6,2021
2021-05-01,1134,beccatilley,5,2021
2021-04-01,1122,beccatilley,4,2021
2021-03-01,1188,beccatilley,3,2021
2021-02-01,1168,beccatilley,2,2021
2021-01-01,1151,beccatilley,1,2021
2020-12-01,1151,beccatilley,12,2020
2020-11-01,1138,beccatilley,11,2020
2020-10-01,1132,beccatilley,10,2020
2020-09-01,1118,beccatilley,9,2020
2020-08-01,1108,beccatilley,8,2020
2020-07-01,1091,beccatilley,7,2020
2020-06-01,1092,beccatilley,6,2020
2020-05-02,1086,beccatilley,5,2020
2020-04-01,1083,beccatilley,4,2020
2020-03-01,1075,beccatilley,3,2020
2020-02-01,1067,beccatilley,2,2020
2020-01-01,1053,beccatilley,1,2020
2019-12-01,1045,beccatilley,12,2019
2019-11-01,1035,beccatilley,11,2019
2019-10-01,1015,beccatilley,10,2019
2019-09-01,998,beccatilley,9,2019
2019-08-20,997,beccatilley,8,2019
2019-06-01,975,beccatilley,6,2019
2019-05-02,973,beccatilley,5,2019
2019-04-01,955,beccatilley,4,2019
2019-03-01,940,beccatilley,3,2019
2019-02-01,929,beccatilley,2,2019
2019-01-01,905,beccatilley,1,2019
2022-12-01,1071,wolfiesmom,12,2022
2022-11-01,1066,wolfiesmom,11,2022
2022-10-01,1077,wolfiesmom,10,2022
2022-09-01,1060,wolfiesmom,9,2022
2022-08-01,1052,wolfiesmom,8,2022
2022-07-01,1050,wolfiesmom,7,2022
2022-06-01,1036,wolfiesmom,6,2022
2022-05-01,1022,wolfiesmom,5,2022
2022-04-01,1012,wolfiesmom,4,2022
2022-03-01,1007,wolfiesmom,3,2022
2022-02-01,995,wolfiesmom,2,2022
2022-01-01,976,wolfiesmom,1,2022
2021-12-01,984,wolfiesmom,12,2021
2021-11-01,985,wolfiesmom,11,2021
2021-10-01,991,wolfiesmom,10,2021
2021-09-02,955,wolfiesmom,9,2021
2021-08-03,917,wolfiesmom,8,2021
2021-07-01,901,wolfiesmom,7,2021
2021-06-01,871,wolfiesmom,6,2021
2021-05-01,850,wolfiesmom,5,2021
2021-04-01,832,wolfiesmom,4,2021
2021-03-01,806,wolfiesmom,3,2021
2021-02-01,786,wolfiesmom,2,2021
2021-01-01,766,wolfiesmom,1,2021
2020-12-01,752,wolfiesmom,12,2020
2020-11-01,745,wolfiesmom,11,2020
2020-10-01,735,wolfiesmom,10,2020
2020-09-01,722,wolfiesmom,9,2020
2020-08-01,704,wolfiesmom,8,2020
2020-07-01,686,wolfiesmom,7,2020
2020-06-01,663,wolfiesmom,6,2020
2020-05-01,642,wolfiesmom,5,2020
2020-04-01,625,wolfiesmom,4,2020
2020-03-01,605,wolfiesmom,3,2020
2020-02-01,585,wolfiesmom,2,2020
2020-01-01,570,wolfiesmom,1,2020
2019-12-01,560,wolfiesmom,12,2019
2019-11-01,545,wolfiesmom,11,2019
2019-10-01,535,wolfiesmom,10,2019
2019-09-01,521,wolfiesmom,9,2019
2019-08-01,509,wolfiesmom,8,2019
2019-07-01,502,wolfiesmom,7,2019
2019-06-01,492,wolfiesmom,6,2019
2019-05-01,493,wolfiesmom,5,2019
2019-04-01,481,wolfiesmom,4,2019
2019-03-02,462,wolfiesmom,3,2019
2019-02-01,453,wolfiesmom,2,2019
2019-01-01,450,wolfiesmom,1,2019
2022-12-01,131,stevenrinella,12,2022
2022-11-01,131,stevenrinella,11,2022
2022-10-01,129,stevenrinella,10,2022
2022-09-01,127,stevenrinella,9,2022
2022-08-01,125,stevenrinella,8,2022
2022-07-01,123,stevenrinella,7,2022
2022-06-01,122,stevenrinella,6,2022
2022-05-01,122,stevenrinella,5,2022
2022-04-01,121,stevenrinella,4,2022
2022-03-01,143,stevenrinella,3,2022
2022-02-01,141,stevenrinella,2,2022
2022-01-01,136,stevenrinella,1,2022
2021-12-01,133,stevenrinella,12,2021
2021-11-01,132,stevenrinella,11,2021
2021-10-01,127,stevenrinella,10,2021
2021-09-02,123,stevenrinella,9,2021
2021-08-03,123,stevenrinella,8,2021
2021-07-01,123,stevenrinella,7,2021
2021-06-01,110,stevenrinella,6,2021
2021-05-01,121,stevenrinella,5,2021
2021-04-01,121,stevenrinella,4,2021
2021-03-01,118,stevenrinella,3,2021
2021-02-01,117,stevenrinella,2,2021
2021-01-01,114,stevenrinella,1,2021
2020-12-01,112,stevenrinella,12,2020
2020-11-01,112,stevenrinella,11,2020
2020-10-01,110,stevenrinella,10,2020
2020-09-01,108,stevenrinella,9,2020
2020-08-01,103,stevenrinella,8,2020
2020-07-01,103,stevenrinella,7,2020
2020-06-01,103,stevenrinella,6,2020
2020-05-01,103,stevenrinella,5,2020
2020-04-01,99,stevenrinella,4,2020
2020-03-01,96,stevenrinella,3,2020
2020-02-01,93,stevenrinella,2,2020
2020-01-01,91,stevenrinella,1,2020
2019-12-01,90,stevenrinella,12,2019
2019-11-01,87,stevenrinella,11,2019
2019-10-01,85,stevenrinella,10,2019
2019-09-01,82,stevenrinella,9,2019
2019-08-01,81,stevenrinella,8,2019
2019-07-01,80,stevenrinella,7,2019
2019-06-01,79,stevenrinella,6,2019
2019-05-01,74,stevenrinella,5,2019
2019-04-01,68,stevenrinella,4,2019
2019-03-01,59,stevenrinella,3,2019
2019-02-01,50,stevenrinella,2,2019
2019-01-01,47,stevenrinella,1,2019
2022-12-02,3843,pattiegonia,12,2022
2022-11-01,3754,pattiegonia,11,2022
2022-10-01,3655,pattiegonia,10,2022
2022-09-01,3587,pattiegonia,9,2022
2022-08-01,3530,pattiegonia,8,2022
2022-07-01,3479,pattiegonia,7,2022
2022-06-01,3412,pattiegonia,6,2022
2022-05-01,3364,pattiegonia,5,2022
2022-04-01,3310,pattiegonia,4,2022
2022-03-01,3246,pattiegonia,3,2022
2022-02-01,3181,pattiegonia,2,2022
2022-01-01,3120,pattiegonia,1,2022
2021-12-01,3080,pattiegonia,12,2021
2021-11-01,3026,pattiegonia,11,2021
2021-10-01,2956,pattiegonia,10,2021
2021-09-01,2879,pattiegonia,9,2021
2021-08-02,2795,pattiegonia,8,2021
2021-07-01,2713,pattiegonia,7,2021
2021-06-01,2589,pattiegonia,6,2021
2021-05-01,2510,pattiegonia,5,2021
2021-04-01,2395,pattiegonia,4,2021
2021-03-01,2347,pattiegonia,3,2021
2021-02-01,2256,pattiegonia,2,2021
2021-01-01,2149,pattiegonia,1,2021
2020-12-01,2077,pattiegonia,12,2020
2020-11-01,1997,pattiegonia,11,2020
2020-10-01,1959,pattiegonia,10,2020
2020-09-01,1955,pattiegonia,9,2020
2020-08-01,1941,pattiegonia,8,2020
2020-07-01,1880,pattiegonia,7,2020
2020-06-01,1723,pattiegonia,6,2020
2020-05-01,1717,pattiegonia,5,2020
2020-04-01,1675,pattiegonia,4,2020
2020-03-01,1654,pattiegonia,3,2020
2020-02-01,1574,pattiegonia,2,2020
2020-01-01,1416,pattiegonia,1,2020
2019-12-01,1331,pattiegonia,12,2019
2019-11-01,1289,pattiegonia,11,2019
2019-10-01,1175,pattiegonia,10,2019
2019-09-01,1145,pattiegonia,9,2019
2019-08-01,1060,pattiegonia,8,2019
2019-07-01,968,pattiegonia,7,2019
2019-06-01,916,pattiegonia,6,2019
2019-05-01,813,pattiegonia,5,2019
2019-04-01,679,pattiegonia,4,2019
2019-03-01,599,pattiegonia,3,2019
2019-02-01,468,pattiegonia,2,2019
2019-01-15,397,pattiegonia,1,2019
2022-12-01,990,karrie_locher,12,2022
2022-11-01,987,karrie_locher,11,2022
2022-10-01,994,karrie_locher,10,2022
2022-09-01,990,karrie_locher,9,2022
2022-08-01,974,karrie_locher,8,2022
2022-07-01,991,karrie_locher,7,2022
2022-06-01,991,karrie_locher,6,2022
2022-05-01,978,karrie_locher,5,2022
2022-04-01,971,karrie_locher,4,2022
2022-03-01,997,karrie_locher,3,2022
2022-02-01,983,karrie_locher,2,2022
2022-01-01,975,karrie_locher,1,2022
2021-12-01,963,karrie_locher,12,2021
2021-11-01,952,karrie_locher,11,2021
2021-10-01,994,karrie_locher,10,2021
2021-09-01,986,karrie_locher,9,2021
2021-08-03,995,karrie_locher,8,2021
2021-07-01,989,karrie_locher,7,2021
2021-06-01,975,karrie_locher,6,2021
2021-05-01,974,karrie_locher,5,2021
2021-04-01,970,karrie_locher,4,2021
2021-03-01,961,karrie_locher,3,2021
2021-02-01,992,karrie_locher,2,2021
2021-01-01,996,karrie_locher,1,2021
2020-12-01,979,karrie_locher,12,2020
2020-11-01,968,karrie_locher,11,2020
2020-10-01,958,karrie_locher,10,2020
2020-09-01,952,karrie_locher,9,2020
2020-08-01,943,karrie_locher,8,2020
2020-07-01,927,karrie_locher,7,2020
2020-06-01,898,karrie_locher,6,2020
2020-05-01,896,karrie_locher,5,2020
2020-04-01,854,karrie_locher,4,2020
2020-03-01,882,karrie_locher,3,2020
2020-02-01,866,karrie_locher,2,2020
2020-01-01,825,karrie_locher,1,2020
2019-12-01,879,karrie_locher,12,2019
2019-11-01,973,karrie_locher,11,2019
2019-10-01,993,karrie_locher,10,2019
2019-09-01,999,karrie_locher,9,2019
2019-08-01,989,karrie_locher,8,2019
2019-07-01,972,karrie_locher,7,2019
2019-06-01,985,karrie_locher,6,2019
2019-05-01,994,karrie_locher,5,2019
2019-04-01,975,karrie_locher,4,2019
2019-03-02,982,karrie_locher,3,2019
2019-02-01,973,karrie_locher,2,2019
2019-01-01,934,karrie_locher,1,2019
2022-12-01,3331,the_mommy_talks,12,2022
2022-11-01,3336,the_mommy_talks,11,2022
2022-10-01,3346,the_mommy_talks,10,2022
2022-09-01,3354,the_mommy_talks,9,2022
2022-08-01,3361,the_mommy_talks,8,2022
2022-07-01,3363,the_mommy_talks,7,2022
2022-06-01,3361,the_mommy_talks,6,2022
2022-05-01,3369,the_mommy_talks,5,2022
2022-04-01,3373,the_mommy_talks,4,2022
2022-03-01,3385,the_mommy_talks,3,2022
2022-02-01,3394,the_mommy_talks,2,2022
2022-01-01,3402,the_mommy_talks,1,2022
2021-12-01,3408,the_mommy_talks,12,2021
2021-11-01,3408,the_mommy_talks,11,2021
2021-10-01,3417,the_mommy_talks,10,2021
2021-09-01,3419,the_mommy_talks,9,2021
2021-08-01,3426,the_mommy_talks,8,2021
2021-07-01,3429,the_mommy_talks,7,2021
2021-06-01,3438,the_mommy_talks,6,2021
2021-05-01,3446,the_mommy_talks,5,2021
2021-04-01,3456,the_mommy_talks,4,2021
2021-03-01,3463,the_mommy_talks,3,2021
2021-02-01,3469,the_mommy_talks,2,2021
2021-01-01,3480,the_mommy_talks,1,2021
2020-12-01,3485,the_mommy_talks,12,2020
2020-11-01,3497,the_mommy_talks,11,2020
2020-10-01,3506,the_mommy_talks,10,2020
2020-09-01,3523,the_mommy_talks,9,2020
2020-08-01,3529,the_mommy_talks,8,2020
2020-07-01,3532,the_mommy_talks,7,2020
2020-06-01,3543,the_mommy_talks,6,2020
2020-05-01,4936,the_mommy_talks,5,2020
2020-04-01,6403,the_mommy_talks,4,2020
2020-03-01,7247,the_mommy_talks,3,2020
2020-02-01,7261,the_mommy_talks,2,2020
2020-01-01,7281,the_mommy_talks,1,2020
2019-12-01,7304,the_mommy_talks,12,2019
2019-11-01,7306,the_mommy_talks,11,2019
2019-10-01,7325,the_mommy_talks,10,2019
2019-09-01,7310,the_mommy_talks,9,2019
2019-08-01,7332,the_mommy_talks,8,2019
2019-07-01,7350,the_mommy_talks,7,2019
2019-06-01,7366,the_mommy_talks,6,2019
2019-05-01,7358,the_mommy_talks,5,2019
2019-04-01,7296,the_mommy_talks,4,2019
2019-03-01,7324,the_mommy_talks,3,2019
2019-02-01,7347,the_mommy_talks,2,2019
2019-01-01,7361,the_mommy_talks,1,2019
2022-12-01,4642,d1pop,12,2022
2022-11-01,4626,d1pop,11,2022
2022-10-01,4598,d1pop,10,2022
2022-09-01,4573,d1pop,9,2022
2022-08-01,4548,d1pop,8,2022
2022-07-01,4505,d1pop,7,2022
2022-06-01,4461,d1pop,6,2022
2022-05-01,4438,d1pop,5,2022
2022-04-01,4415,d1pop,4,2022
2022-03-01,4393,d1pop,3,2022
2022-02-01,4380,d1pop,2,2022
2022-01-01,4390,d1pop,1,2022
2021-12-01,4411,d1pop,12,2021
2021-11-01,4474,d1pop,11,2021
2021-10-01,4446,d1pop,10,2021
2021-09-01,4451,d1pop,9,2021
2021-08-03,4452,d1pop,8,2021
2021-07-01,4432,d1pop,7,2021
2021-06-01,4411,d1pop,6,2021
2021-05-01,4386,d1pop,5,2021
2021-04-01,4349,d1pop,4,2021
2021-03-01,4325,d1pop,3,2021
2021-02-01,4292,d1pop,2,2021
2021-01-01,4288,d1pop,1,2021
2020-12-01,4259,d1pop,12,2020
2020-11-01,4273,d1pop,11,2020
2020-10-01,4233,d1pop,10,2020
2020-09-01,4229,d1pop,9,2020
2020-08-01,4231,d1pop,8,2020
2020-07-02,4240,d1pop,7,2020
2020-06-01,4227,d1pop,6,2020
2020-05-01,4188,d1pop,5,2020
2020-04-01,4142,d1pop,4,2020
2020-03-01,4149,d1pop,3,2020
2020-02-01,4185,d1pop,2,2020
2020-01-01,4477,d1pop,1,2020
2019-12-01,4706,d1pop,12,2019
2019-11-01,4675,d1pop,11,2019
2019-10-01,4646,d1pop,10,2019
2019-09-01,4620,d1pop,9,2019
2019-08-20,4719,d1pop,8,2019
2019-05-01,3539,d1pop,5,2019
2019-04-01,2905,d1pop,4,2019
2019-03-01,2889,d1pop,3,2019
2019-02-01,2847,d1pop,2,2019
2019-01-01,3819,d1pop,1,2019
2022-12-01,428,redturn2,12,2022
2022-11-01,425,redturn2,11,2022
2022-10-01,423,redturn2,10,2022
2022-09-01,416,redturn2,9,2022
2022-08-01,411,redturn2,8,2022
2022-07-01,404,redturn2,7,2022
2022-06-01,397,redturn2,6,2022
2022-05-01,391,redturn2,5,2022
2022-04-01,386,redturn2,4,2022
2022-03-01,382,redturn2,3,2022
2022-02-01,370,redturn2,2,2022
2022-01-01,362,redturn2,1,2022
2021-12-01,350,redturn2,12,2021
2021-11-01,345,redturn2,11,2021
2021-10-01,345,redturn2,10,2021
2021-09-01,342,redturn2,9,2021
2021-08-01,341,redturn2,8,2021
2021-07-02,330,redturn2,7,2021
2021-06-01,325,redturn2,6,2021
2021-05-01,320,redturn2,5,2021
2021-04-01,313,redturn2,4,2021
2021-03-01,312,redturn2,3,2021
2021-02-01,310,redturn2,2,2021
2021-01-01,304,redturn2,1,2021
2020-12-01,304,redturn2,12,2020
2020-11-01,301,redturn2,11,2020
2020-10-01,299,redturn2,10,2020
2020-09-01,296,redturn2,9,2020
2020-08-01,293,redturn2,8,2020
2020-07-01,290,redturn2,7,2020
2020-06-01,279,redturn2,6,2020
2020-05-01,275,redturn2,5,2020
2020-04-01,266,redturn2,4,2020
2020-03-01,247,redturn2,3,2020
2020-02-01,244,redturn2,2,2020
2020-01-01,238,redturn2,1,2020
2019-12-01,232,redturn2,12,2019
2019-11-01,226,redturn2,11,2019
2019-10-01,227,redturn2,10,2019
2019-09-01,226,redturn2,9,2019
2019-08-01,211,redturn2,8,2019
2019-07-01,211,redturn2,7,2019
2019-06-01,209,redturn2,6,2019
2019-05-02,203,redturn2,5,2019
2019-04-01,200,redturn2,4,2019
2019-03-01,194,redturn2,3,2019
2019-02-01,188,redturn2,2,2019
2019-01-01,185,redturn2,1,2019
2022-12-01,58,grew_up_in_the_70s_and_80s,12,2022
2022-11-01,55,grew_up_in_the_70s_and_80s,11,2022
2022-10-01,52,grew_up_in_the_70s_and_80s,10,2022
2022-09-01,51,grew_up_in_the_70s_and_80s,9,2022
2022-08-01,52,grew_up_in_the_70s_and_80s,8,2022
2022-07-01,51,grew_up_in_the_70s_and_80s,7,2022
2022-06-01,50,grew_up_in_the_70s_and_80s,6,2022
2022-05-01,51,grew_up_in_the_70s_and_80s,5,2022
2022-04-01,49,grew_up_in_the_70s_and_80s,4,2022
2022-03-01,47,grew_up_in_the_70s_and_80s,3,2022
2022-02-01,46,grew_up_in_the_70s_and_80s,2,2022
2022-01-01,44,grew_up_in_the_70s_and_80s,1,2022
2021-12-01,42,grew_up_in_the_70s_and_80s,12,2021
2021-11-01,42,grew_up_in_the_70s_and_80s,11,2021
2021-10-01,40,grew_up_in_the_70s_and_80s,10,2021
2021-09-01,38,grew_up_in_the_70s_and_80s,9,2021
2021-08-03,36,grew_up_in_the_70s_and_80s,8,2021
2021-07-01,34,grew_up_in_the_70s_and_80s,7,2021
2021-06-01,32,grew_up_in_the_70s_and_80s,6,2021
2021-05-01,30,grew_up_in_the_70s_and_80s,5,2021
2021-04-01,28,grew_up_in_the_70s_and_80s,4,2021
2021-03-02,25,grew_up_in_the_70s_and_80s,3,2021
2021-02-01,24,grew_up_in_the_70s_and_80s,2,2021
2021-01-01,21,grew_up_in_the_70s_and_80s,1,2021
2020-12-01,18,grew_up_in_the_70s_and_80s,12,2020
2020-11-01,15,grew_up_in_the_70s_and_80s,11,2020
2020-10-01,14,grew_up_in_the_70s_and_80s,10,2020
2020-09-01,11,grew_up_in_the_70s_and_80s,9,2020
2020-08-01,5,grew_up_in_the_70s_and_80s,8,2020
2020-07-01,1,grew_up_in_the_70s_and_80s,7,2020
2020-06-01,0,grew_up_in_the_70s_and_80s,6,2020
2020-05-01,0,grew_up_in_the_70s_and_80s,5,2020
2020-04-01,0,grew_up_in_the_70s_and_80s,4,2020
2020-03-01,0,grew_up_in_the_70s_and_80s,3,2020
2020-02-01,0,grew_up_in_the_70s_and_80s,2,2020
2020-01-01,0,grew_up_in_the_70s_and_80s,1,2020
2019-12-01,1,grew_up_in_the_70s_and_80s,12,2019
2019-11-01,0,grew_up_in_the_70s_and_80s,11,2019
2019-10-01,0,grew_up_in_the_70s_and_80s,10,2019
2019-09-01,141,grew_up_in_the_70s_and_80s,9,2019
2019-08-01,942,grew_up_in_the_70s_and_80s,8,2019
2019-07-01,3684,grew_up_in_the_70s_and_80s,7,2019
2019-06-01,4199,grew_up_in_the_70s_and_80s,6,2019
2019-05-01,5643,grew_up_in_the_70s_and_80s,5,2019
2019-04-01,5650,grew_up_in_the_70s_and_80s,4,2019
2019-03-01,5662,grew_up_in_the_70s_and_80s,3,2019
2019-02-01,5690,grew_up_in_the_70s_and_80s,2,2019
2019-01-01,5696,grew_up_in_the_70s_and_80s,1,2019
2022-12-01,757,madissonhaus,12,2022
2022-11-01,744,madissonhaus,11,2022
2022-10-01,737,madissonhaus,10,2022
2022-09-01,726,madissonhaus,9,2022
2022-08-01,716,madissonhaus,8,2022
2022-07-01,709,madissonhaus,7,2022
2022-06-01,709,madissonhaus,6,2022
2022-05-01,703,madissonhaus,5,2022
2022-04-01,699,madissonhaus,4,2022
2022-03-01,693,madissonhaus,3,2022
2022-02-01,698,madissonhaus,2,2022
2022-01-01,699,madissonhaus,1,2022
2021-12-01,692,madissonhaus,12,2021
2021-11-01,699,madissonhaus,11,2021
2021-10-01,694,madissonhaus,10,2021
2021-09-01,690,madissonhaus,9,2021
2021-08-03,679,madissonhaus,8,2021
2021-07-01,669,madissonhaus,7,2021
2021-06-01,656,madissonhaus,6,2021
2021-05-01,648,madissonhaus,5,2021
2021-04-01,636,madissonhaus,4,2021
2021-03-01,620,madissonhaus,3,2021
2021-02-01,605,madissonhaus,2,2021
2021-01-01,603,madissonhaus,1,2021
2020-12-01,596,madissonhaus,12,2020
2020-11-01,579,madissonhaus,11,2020
2020-10-01,563,madissonhaus,10,2020
2020-09-01,549,madissonhaus,9,2020
2020-08-01,518,madissonhaus,8,2020
2020-07-01,513,madissonhaus,7,2020
2020-06-01,495,madissonhaus,6,2020
2020-05-01,485,madissonhaus,5,2020
2020-04-01,481,madissonhaus,4,2020
2020-03-01,466,madissonhaus,3,2020
2020-02-01,457,madissonhaus,2,2020
2020-01-01,451,madissonhaus,1,2020
2019-12-01,444,madissonhaus,12,2019
2019-11-01,436,madissonhaus,11,2019
2019-10-01,427,madissonhaus,10,2019
2019-09-01,421,madissonhaus,9,2019
2019-08-01,400,madissonhaus,8,2019
2019-07-01,391,madissonhaus,7,2019
2019-06-01,380,madissonhaus,6,2019
2019-05-02,364,madissonhaus,5,2019
2019-04-01,353,madissonhaus,4,2019
2019-03-01,313,madissonhaus,3,2019
2019-02-01,303,madissonhaus,2,2019
2019-01-01,290,madissonhaus,1,2019
2022-12-01,40,dynastyloveyou,12,2022
2022-11-01,44,dynastyloveyou,11,2022
2022-10-01,46,dynastyloveyou,10,2022
2022-09-01,45,dynastyloveyou,9,2022
2022-08-01,46,dynastyloveyou,8,2022
2022-07-01,46,dynastyloveyou,7,2022
2022-06-01,46,dynastyloveyou,6,2022
2022-05-01,46,dynastyloveyou,5,2022
2022-04-01,45,dynastyloveyou,4,2022
2022-03-01,45,dynastyloveyou,3,2022
2022-02-01,46,dynastyloveyou,2,2022
2022-01-01,45,dynastyloveyou,1,2022
2021-12-01,46,dynastyloveyou,12,2021
2021-11-01,45,dynastyloveyou,11,2021
2021-10-01,45,dynastyloveyou,10,2021
2021-09-01,45,dynastyloveyou,9,2021
2021-08-01,43,dynastyloveyou,8,2021
2021-07-01,44,dynastyloveyou,7,2021
2021-06-01,45,dynastyloveyou,6,2021
2021-05-01,51,dynastyloveyou,5,2021
2021-04-01,52,dynastyloveyou,4,2021
2021-03-01,52,dynastyloveyou,3,2021
2021-02-01,51,dynastyloveyou,2,2021
2021-01-01,60,dynastyloveyou,1,2021
2020-12-01,60,dynastyloveyou,12,2020
2020-11-01,60,dynastyloveyou,11,2020
2020-10-01,59,dynastyloveyou,10,2020
2020-09-01,59,dynastyloveyou,9,2020
2020-08-01,60,dynastyloveyou,8,2020
2020-07-01,60,dynastyloveyou,7,2020
2020-06-01,58,dynastyloveyou,6,2020
2020-05-01,56,dynastyloveyou,5,2020
2020-04-01,55,dynastyloveyou,4,2020
2020-03-01,60,dynastyloveyou,3,2020
2020-02-01,57,dynastyloveyou,2,2020
2020-01-01,56,dynastyloveyou,1,2020
2019-12-01,56,dynastyloveyou,12,2019
2019-11-01,61,dynastyloveyou,11,2019
2019-10-01,59,dynastyloveyou,10,2019
2019-09-01,59,dynastyloveyou,9,2019
2019-08-01,60,dynastyloveyou,8,2019
2019-07-01,62,dynastyloveyou,7,2019
2019-06-01,60,dynastyloveyou,6,2019
2019-05-01,59,dynastyloveyou,5,2019
2019-04-01,55,dynastyloveyou,4,2019
2019-03-01,53,dynastyloveyou,3,2019
2019-02-01,54,dynastyloveyou,2,2019
2019-01-01,51,dynastyloveyou,1,2019
2022-12-01,3743,hannahberner,12,2022
2022-11-01,3658,hannahberner,11,2022
2022-10-01,3586,hannahberner,10,2022
2022-09-01,3535,hannahberner,9,2022
2022-08-01,3423,hannahberner,8,2022
2022-07-01,3330,hannahberner,7,2022
2022-06-01,3232,hannahberner,6,2022
2022-05-01,3183,hannahberner,5,2022
2022-04-01,3149,hannahberner,4,2022
2022-03-01,3075,hannahberner,3,2022
2022-02-01,2993,hannahberner,2,2022
2022-01-01,2953,hannahberner,1,2022
2021-12-01,2917,hannahberner,12,2021
2021-11-01,2869,hannahberner,11,2021
2021-10-01,2816,hannahberner,10,2021
2021-09-01,2733,hannahberner,9,2021
2021-08-03,2657,hannahberner,8,2021
2021-07-01,2604,hannahberner,7,2021
2021-06-01,2554,hannahberner,6,2021
2021-05-01,2518,hannahberner,5,2021
2021-04-01,2511,hannahberner,4,2021
2021-03-01,2482,hannahberner,3,2021
2021-02-01,2440,hannahberner,2,2021
2021-01-01,2325,hannahberner,1,2021
2020-12-01,2267,hannahberner,12,2020
2020-11-01,2243,hannahberner,11,2020
2020-10-01,2221,hannahberner,10,2020
2020-09-01,2185,hannahberner,9,2020
2020-08-01,2166,hannahberner,8,2020
2020-07-01,2104,hannahberner,7,2020
2020-06-01,1999,hannahberner,6,2020
2020-05-01,1927,hannahberner,5,2020
2020-04-01,1877,hannahberner,4,2020
2020-03-01,1806,hannahberner,3,2020
2020-02-01,1733,hannahberner,2,2020
2020-01-01,1657,hannahberner,1,2020
2019-12-01,1570,hannahberner,12,2019
2019-11-01,1485,hannahberner,11,2019
2019-10-01,1383,hannahberner,10,2019
2019-09-01,1279,hannahberner,9,2019
2019-08-01,1228,hannahberner,8,2019
2019-07-01,1187,hannahberner,7,2019
2019-06-01,1108,hannahberner,6,2019
2019-05-01,1035,hannahberner,5,2019
2019-04-01,966,hannahberner,4,2019
2019-03-02,881,hannahberner,3,2019
2019-02-01,824,hannahberner,2,2019
2019-01-01,758,hannahberner,1,2019
2022-12-01,1670,sydelcurrylee,12,2022
2022-11-01,1655,sydelcurrylee,11,2022
2022-10-01,1630,sydelcurrylee,10,2022
2022-09-01,1615,sydelcurrylee,9,2022
2022-08-01,1603,sydelcurrylee,8,2022
2022-07-01,1595,sydelcurrylee,7,2022
2022-06-01,1587,sydelcurrylee,6,2022
2022-05-01,1582,sydelcurrylee,5,2022
2022-04-01,1578,sydelcurrylee,4,2022
2022-03-01,1571,sydelcurrylee,3,2022
2022-02-01,1562,sydelcurrylee,2,2022
2022-01-01,1558,sydelcurrylee,1,2022
2021-12-01,1554,sydelcurrylee,12,2021
2021-11-01,1552,sydelcurrylee,11,2021
2021-10-01,1546,sydelcurrylee,10,2021
2021-09-01,1539,sydelcurrylee,9,2021
2021-08-01,1537,sydelcurrylee,8,2021
2021-07-01,1538,sydelcurrylee,7,2021
2021-06-01,1533,sydelcurrylee,6,2021
2021-05-01,1526,sydelcurrylee,5,2021
2021-04-01,1515,sydelcurrylee,4,2021
2021-03-01,1501,sydelcurrylee,3,2021
2021-02-01,1499,sydelcurrylee,2,2021
2021-01-01,1489,sydelcurrylee,1,2021
2020-12-01,1467,sydelcurrylee,12,2020
2020-11-01,1470,sydelcurrylee,11,2020
2020-10-01,1463,sydelcurrylee,10,2020
2020-09-01,1453,sydelcurrylee,9,2020
2020-08-01,1439,sydelcurrylee,8,2020
2020-07-01,1423,sydelcurrylee,7,2020
2020-06-01,1397,sydelcurrylee,6,2020
2020-05-01,1386,sydelcurrylee,5,2020
2020-04-01,1370,sydelcurrylee,4,2020
2020-03-01,1356,sydelcurrylee,3,2020
2020-02-01,1336,sydelcurrylee,2,2020
2020-01-01,1330,sydelcurrylee,1,2020
2019-12-01,1316,sydelcurrylee,12,2019
2019-11-01,1290,sydelcurrylee,11,2019
2019-10-01,1279,sydelcurrylee,10,2019
2019-09-01,1264,sydelcurrylee,9,2019
2019-08-01,1244,sydelcurrylee,8,2019
2019-07-01,1238,sydelcurrylee,7,2019
2019-06-01,1227,sydelcurrylee,6,2019
2019-05-01,1211,sydelcurrylee,5,2019
2019-04-01,1179,sydelcurrylee,4,2019
2019-03-02,1173,sydelcurrylee,3,2019
2019-02-01,1153,sydelcurrylee,2,2019
2019-01-01,1130,sydelcurrylee,1,2019
2022-12-01,1698,balockaye.h,12,2022
2022-11-01,1685,balockaye.h,11,2022
2022-10-01,1669,balockaye.h,10,2022
2022-09-01,1647,balockaye.h,9,2022
2022-08-01,1606,balockaye.h,8,2022
2022-07-01,1591,balockaye.h,7,2022
2022-06-01,1555,balockaye.h,6,2022
2022-05-01,1526,balockaye.h,5,2022
2022-04-01,1508,balockaye.h,4,2022
2022-03-01,1480,balockaye.h,3,2022
2022-02-01,1451,balockaye.h,2,2022
2022-01-01,1435,balockaye.h,1,2022
2021-12-01,1419,balockaye.h,12,2021
2021-11-01,1409,balockaye.h,11,2021
2021-10-01,1362,balockaye.h,10,2021
2021-09-01,1342,balockaye.h,9,2021
2021-08-01,1308,balockaye.h,8,2021
2021-07-01,1262,balockaye.h,7,2021
2021-06-01,1243,balockaye.h,6,2021
2021-05-01,1217,balockaye.h,5,2021
2021-04-01,1186,balockaye.h,4,2021
2021-03-01,1161,balockaye.h,3,2021
2021-02-01,1167,balockaye.h,2,2021
2021-01-01,1169,balockaye.h,1,2021
2020-12-01,1163,balockaye.h,12,2020
2020-11-01,1162,balockaye.h,11,2020
2020-10-01,1159,balockaye.h,10,2020
2020-09-01,1136,balockaye.h,9,2020
2020-08-01,1126,balockaye.h,8,2020
2020-07-01,1133,balockaye.h,7,2020
2020-06-01,1120,balockaye.h,6,2020
2020-05-01,1106,balockaye.h,5,2020
2020-04-01,1087,balockaye.h,4,2020
2020-03-01,1075,balockaye.h,3,2020
2020-02-01,1067,balockaye.h,2,2020
2020-01-01,1049,balockaye.h,1,2020
2019-12-01,1050,balockaye.h,12,2019
2019-11-01,1033,balockaye.h,11,2019
2019-10-01,1017,balockaye.h,10,2019
2019-09-01,999,balockaye.h,9,2019
2019-08-01,1001,balockaye.h,8,2019
2019-07-01,985,balockaye.h,7,2019
2019-06-01,966,balockaye.h,6,2019
2019-05-01,931,balockaye.h,5,2019
2019-04-01,906,balockaye.h,4,2019
2019-03-01,888,balockaye.h,3,2019
2019-02-01,875,balockaye.h,2,2019
2019-01-01,867,balockaye.h,1,2019
2022-12-01,708,amandakloots,12,2022
2022-11-01,688,amandakloots,11,2022
2022-10-01,720,amandakloots,10,2022
2022-09-01,708,amandakloots,9,2022
2022-08-01,700,amandakloots,8,2022
2022-07-01,673,amandakloots,7,2022
2022-06-01,671,amandakloots,6,2022
2022-05-01,654,amandakloots,5,2022
2022-04-01,670,amandakloots,4,2022
2022-03-01,653,amandakloots,3,2022
2022-02-01,636,amandakloots,2,2022
2022-01-01,629,amandakloots,1,2022
2021-12-01,615,amandakloots,12,2021
2021-11-01,611,amandakloots,11,2021
2021-10-01,602,amandakloots,10,2021
2021-09-01,568,amandakloots,9,2021
2021-08-02,585,amandakloots,8,2021
2021-07-01,566,amandakloots,7,2021
2021-06-01,553,amandakloots,6,2021
2021-05-01,545,amandakloots,5,2021
2021-04-01,544,amandakloots,4,2021
2021-03-01,562,amandakloots,3,2021
2021-02-01,548,amandakloots,2,2021
2021-01-01,535,amandakloots,1,2021
2020-12-01,535,amandakloots,12,2020
2020-11-01,530,amandakloots,11,2020
2020-10-01,523,amandakloots,10,2020
2020-09-01,513,amandakloots,9,2020
2020-08-01,509,amandakloots,8,2020
2020-07-01,515,amandakloots,7,2020
2020-06-01,509,amandakloots,6,2020
2020-05-01,495,amandakloots,5,2020
2020-04-01,470,amandakloots,4,2020
2020-03-01,467,amandakloots,3,2020
2020-02-01,456,amandakloots,2,2020
2020-01-01,445,amandakloots,1,2020
2019-12-01,440,amandakloots,12,2019
2019-11-01,426,amandakloots,11,2019
2019-10-01,419,amandakloots,10,2019
2019-09-01,401,amandakloots,9,2019
2019-08-01,386,amandakloots,8,2019
2019-07-01,372,amandakloots,7,2019
2019-06-01,364,amandakloots,6,2019
2019-05-02,358,amandakloots,5,2019
2019-04-01,357,amandakloots,4,2019
2019-03-01,355,amandakloots,3,2019
2019-02-01,348,amandakloots,2,2019
2019-01-01,341,amandakloots,1,2019
2022-12-01,475,primal_gourmet,12,2022
2022-11-01,476,primal_gourmet,11,2022
2022-10-01,475,primal_gourmet,10,2022
2022-09-01,482,primal_gourmet,9,2022
2022-08-01,483,primal_gourmet,8,2022
2022-07-01,483,primal_gourmet,7,2022
2022-06-01,479,primal_gourmet,6,2022
2022-05-01,478,primal_gourmet,5,2022
2022-04-01,479,primal_gourmet,4,2022
2022-03-01,476,primal_gourmet,3,2022
2022-02-01,476,primal_gourmet,2,2022
2022-01-01,481,primal_gourmet,1,2022
2021-12-01,480,primal_gourmet,12,2021
2021-11-01,476,primal_gourmet,11,2021
2021-10-01,472,primal_gourmet,10,2021
2021-09-01,471,primal_gourmet,9,2021
2021-08-02,469,primal_gourmet,8,2021
2021-07-01,467,primal_gourmet,7,2021
2021-06-01,469,primal_gourmet,6,2021
2021-05-01,485,primal_gourmet,5,2021
2021-04-01,485,primal_gourmet,4,2021
2021-03-01,484,primal_gourmet,3,2021
2021-02-01,485,primal_gourmet,2,2021
2021-01-01,491,primal_gourmet,1,2021
2020-12-01,489,primal_gourmet,12,2020
2020-11-01,486,primal_gourmet,11,2020
2020-10-01,481,primal_gourmet,10,2020
2020-09-01,473,primal_gourmet,9,2020
2020-08-01,462,primal_gourmet,8,2020
2020-07-01,455,primal_gourmet,7,2020
2020-06-01,428,primal_gourmet,6,2020
2020-05-01,418,primal_gourmet,5,2020
2020-04-01,415,primal_gourmet,4,2020
2020-03-01,413,primal_gourmet,3,2020
2020-02-01,405,primal_gourmet,2,2020
2020-01-01,405,primal_gourmet,1,2020
2019-12-01,404,primal_gourmet,12,2019
2019-11-01,395,primal_gourmet,11,2019
2019-10-01,392,primal_gourmet,10,2019
2019-09-01,387,primal_gourmet,9,2019
2019-08-20,384,primal_gourmet,8,2019
2019-04-01,375,primal_gourmet,4,2019
2019-03-01,367,primal_gourmet,3,2019
2019-02-01,360,primal_gourmet,2,2019
2019-01-01,361,primal_gourmet,1,2019
2022-12-01,977,remingtonavenue,12,2022
2022-11-01,962,remingtonavenue,11,2022
2022-10-01,998,remingtonavenue,10,2022
2022-09-01,998,remingtonavenue,9,2022
2022-08-01,993,remingtonavenue,8,2022
2022-07-01,988,remingtonavenue,7,2022
2022-06-01,983,remingtonavenue,6,2022
2022-05-01,980,remingtonavenue,5,2022
2022-04-01,963,remingtonavenue,4,2022
2022-03-01,962,remingtonavenue,3,2022
2022-02-01,940,remingtonavenue,2,2022
2022-01-01,934,remingtonavenue,1,2022
2021-12-01,932,remingtonavenue,12,2021
2021-11-01,931,remingtonavenue,11,2021
2021-10-01,926,remingtonavenue,10,2021
2021-09-01,924,remingtonavenue,9,2021
2021-08-01,956,remingtonavenue,8,2021
2021-07-01,935,remingtonavenue,7,2021
2021-06-01,925,remingtonavenue,6,2021
2021-05-01,917,remingtonavenue,5,2021
2021-04-01,910,remingtonavenue,4,2021
2021-03-01,898,remingtonavenue,3,2021
2021-02-01,891,remingtonavenue,2,2021
2021-01-01,876,remingtonavenue,1,2021
2020-12-01,862,remingtonavenue,12,2020
2020-11-01,856,remingtonavenue,11,2020
2020-10-01,851,remingtonavenue,10,2020
2020-09-01,844,remingtonavenue,9,2020
2020-08-01,824,remingtonavenue,8,2020
2020-07-01,815,remingtonavenue,7,2020
2020-06-01,788,remingtonavenue,6,2020
2020-05-01,776,remingtonavenue,5,2020
2020-04-01,763,remingtonavenue,4,2020
2020-03-01,744,remingtonavenue,3,2020
2020-02-01,724,remingtonavenue,2,2020
2020-01-01,702,remingtonavenue,1,2020
2019-12-01,670,remingtonavenue,12,2019
2019-11-01,662,remingtonavenue,11,2019
2019-10-01,637,remingtonavenue,10,2019
2019-09-01,580,remingtonavenue,9,2019
2019-08-01,533,remingtonavenue,8,2019
2019-07-01,447,remingtonavenue,7,2019
2019-06-01,1007,remingtonavenue,6,2019
2019-05-01,984,remingtonavenue,5,2019
2019-04-01,647,remingtonavenue,4,2019
2019-03-01,733,remingtonavenue,3,2019
2019-02-01,686,remingtonavenue,2,2019
2019-01-01,647,remingtonavenue,1,2019
2022-12-01,1281,iamchrislane,12,2022
2022-11-01,1288,iamchrislane,11,2022
2022-10-01,1287,iamchrislane,10,2022
2022-09-01,1284,iamchrislane,9,2022
2022-08-01,1281,iamchrislane,8,2022
2022-07-01,1280,iamchrislane,7,2022
2022-06-01,1285,iamchrislane,6,2022
2022-05-01,1283,iamchrislane,5,2022
2022-04-01,1271,iamchrislane,4,2022
2022-03-01,1270,iamchrislane,3,2022
2022-02-01,1272,iamchrislane,2,2022
2022-01-01,1274,iamchrislane,1,2022
2021-12-01,1268,iamchrislane,12,2021
2021-11-01,1268,iamchrislane,11,2021
2021-10-01,1272,iamchrislane,10,2021
2021-09-01,1269,iamchrislane,9,2021
2021-08-01,1270,iamchrislane,8,2021
2021-07-01,1267,iamchrislane,7,2021
2021-06-01,1267,iamchrislane,6,2021
2021-05-01,1269,iamchrislane,5,2021
2021-04-01,1266,iamchrislane,4,2021
2021-03-01,1267,iamchrislane,3,2021
2021-02-01,1272,iamchrislane,2,2021
2021-01-01,1280,iamchrislane,1,2021
2020-12-01,1293,iamchrislane,12,2020
2020-11-01,1324,iamchrislane,11,2020
2020-10-01,1317,iamchrislane,10,2020
2020-09-01,1314,iamchrislane,9,2020
2020-08-01,1312,iamchrislane,8,2020
2020-07-01,1310,iamchrislane,7,2020
2020-06-01,1318,iamchrislane,6,2020
2020-05-01,1316,iamchrislane,5,2020
2020-04-01,1310,iamchrislane,4,2020
2020-03-01,1303,iamchrislane,3,2020
2020-02-01,1301,iamchrislane,2,2020
2020-01-01,1307,iamchrislane,1,2020
2019-12-01,1312,iamchrislane,12,2019
2019-11-01,1305,iamchrislane,11,2019
2019-10-01,1306,iamchrislane,10,2019
2019-09-01,1306,iamchrislane,9,2019
2019-08-01,1308,iamchrislane,8,2019
2019-07-01,1319,iamchrislane,7,2019
2019-06-01,1350,iamchrislane,6,2019
2019-05-01,1386,iamchrislane,5,2019
2019-04-01,1532,iamchrislane,4,2019
2019-03-01,1547,iamchrislane,3,2019
2019-02-01,1550,iamchrislane,2,2019
2019-01-01,1545,iamchrislane,1,2019
