date,mediacount,username,month,year
2022-12-01,746,rileyduckman,12,2022
2022-11-01,739,rileyduckman,11,2022
2022-10-01,730,rileyduckman,10,2022
2022-09-01,726,rileyduckman,9,2022
2022-08-01,719,rileyduckman,8,2022
2022-07-01,711,rileyduckman,7,2022
2022-06-01,705,rileyduckman,6,2022
2022-05-01,698,rileyduckman,5,2022
2022-04-01,689,rileyduckman,4,2022
2022-03-01,683,rileyduckman,3,2022
2022-02-01,676,rileyduckman,2,2022
2022-01-01,666,rileyduckman,1,2022
2021-12-01,660,rileyduckman,12,2021
2021-11-01,654,rileyduckman,11,2021
2021-10-01,648,rileyduckman,10,2021
2021-09-01,640,rileyduckman,9,2021
2021-08-01,630,rileyduckman,8,2021
2021-07-01,621,rileyduckman,7,2021
2021-06-01,607,rileyduckman,6,2021
2021-05-01,600,rileyduckman,5,2021
2021-04-01,592,rileyduckman,4,2021
2021-03-01,586,rileyduckman,3,2021
2021-02-01,583,rileyduckman,2,2021
2021-01-01,573,rileyduckman,1,2021
2020-12-01,567,rileyduckman,12,2020
2020-11-01,561,rileyduckman,11,2020
2020-10-01,558,rileyduckman,10,2020
2020-09-01,549,rileyduckman,9,2020
2020-08-01,541,rileyduckman,8,2020
2020-07-01,536,rileyduckman,7,2020
2020-06-01,530,rileyduckman,6,2020
2020-05-01,522,rileyduckman,5,2020
2020-04-01,511,rileyduckman,4,2020
2020-03-01,507,rileyduckman,3,2020
2020-02-01,496,rileyduckman,2,2020
2020-01-01,486,rileyduckman,1,2020
2019-12-01,511,rileyduckman,12,2019
2019-11-01,501,rileyduckman,11,2019
2019-10-01,495,rileyduckman,10,2019
2019-09-01,488,rileyduckman,9,2019
2019-08-01,474,rileyduckman,8,2019
2019-07-01,457,rileyduckman,7,2019
2019-06-01,444,rileyduckman,6,2019
2019-05-01,433,rileyduckman,5,2019
2019-04-01,418,rileyduckman,4,2019
2019-03-01,413,rileyduckman,3,2019
2019-02-01,403,rileyduckman,2,2019
2019-01-01,394,rileyduckman,1,2019
2022-12-01,3427,shawnjohnson,12,2022
2022-11-01,3414,shawnjohnson,11,2022
2022-10-01,3393,shawnjohnson,10,2022
2022-09-01,3381,shawnjohnson,9,2022
2022-08-01,3373,shawnjohnson,8,2022
2022-07-01,3364,shawnjohnson,7,2022
2022-06-01,3349,shawnjohnson,6,2022
2022-05-01,3341,shawnjohnson,5,2022
2022-04-01,3326,shawnjohnson,4,2022
2022-03-01,3315,shawnjohnson,3,2022
2022-02-01,3303,shawnjohnson,2,2022
2022-01-01,3291,shawnjohnson,1,2022
2021-12-01,3261,shawnjohnson,12,2021
2021-11-01,3244,shawnjohnson,11,2021
2021-10-01,3229,shawnjohnson,10,2021
2021-09-01,3216,shawnjohnson,9,2021
2021-08-02,3206,shawnjohnson,8,2021
2021-07-01,3194,shawnjohnson,7,2021
2021-06-01,3177,shawnjohnson,6,2021
2021-05-01,3163,shawnjohnson,5,2021
2021-04-01,3149,shawnjohnson,4,2021
2021-03-01,3129,shawnjohnson,3,2021
2021-02-01,3122,shawnjohnson,2,2021
2021-01-01,3110,shawnjohnson,1,2021
2020-12-01,3095,shawnjohnson,12,2020
2020-11-01,3076,shawnjohnson,11,2020
2020-10-01,3057,shawnjohnson,10,2020
2020-09-01,3035,shawnjohnson,9,2020
2020-08-01,3018,shawnjohnson,8,2020
2020-07-01,3003,shawnjohnson,7,2020
2020-06-01,2988,shawnjohnson,6,2020
2020-05-01,2968,shawnjohnson,5,2020
2020-04-01,2954,shawnjohnson,4,2020
2020-03-01,2935,shawnjohnson,3,2020
2020-02-01,2923,shawnjohnson,2,2020
2020-01-01,2904,shawnjohnson,1,2020
2019-12-01,2877,shawnjohnson,12,2019
2019-11-01,2858,shawnjohnson,11,2019
2019-10-01,2842,shawnjohnson,10,2019
2019-09-01,2824,shawnjohnson,9,2019
2019-08-01,2803,shawnjohnson,8,2019
2019-07-01,2784,shawnjohnson,7,2019
2019-06-01,2766,shawnjohnson,6,2019
2019-05-01,2750,shawnjohnson,5,2019
2019-04-01,2735,shawnjohnson,4,2019
2019-03-01,2722,shawnjohnson,3,2019
2019-02-01,2705,shawnjohnson,2,2019
2019-01-01,2687,shawnjohnson,1,2019
2022-12-01,1071,inagarten,12,2022
2022-11-01,1059,inagarten,11,2022
2022-10-01,1047,inagarten,10,2022
2022-09-01,1040,inagarten,9,2022
2022-08-01,1028,inagarten,8,2022
2022-07-01,1018,inagarten,7,2022
2022-06-01,1012,inagarten,6,2022
2022-05-01,997,inagarten,5,2022
2022-04-01,987,inagarten,4,2022
2022-03-01,982,inagarten,3,2022
2022-02-01,976,inagarten,2,2022
2022-01-01,967,inagarten,1,2022
2021-12-01,963,inagarten,12,2021
2021-11-01,952,inagarten,11,2021
2021-10-01,946,inagarten,10,2021
2021-09-01,939,inagarten,9,2021
2021-08-02,933,inagarten,8,2021
2021-07-01,927,inagarten,7,2021
2021-06-01,920,inagarten,6,2021
2021-05-01,906,inagarten,5,2021
2021-04-01,897,inagarten,4,2021
2021-03-01,889,inagarten,3,2021
2021-02-01,883,inagarten,2,2021
2021-01-01,877,inagarten,1,2021
2020-12-01,868,inagarten,12,2020
2020-11-01,853,inagarten,11,2020
2020-10-01,837,inagarten,10,2020
2020-09-01,826,inagarten,9,2020
2020-08-01,816,inagarten,8,2020
2020-07-01,808,inagarten,7,2020
2020-06-01,807,inagarten,6,2020
2020-05-01,786,inagarten,5,2020
2020-04-01,762,inagarten,4,2020
2020-03-01,741,inagarten,3,2020
2020-02-01,732,inagarten,2,2020
2020-01-01,729,inagarten,1,2020
2019-12-01,721,inagarten,12,2019
2019-11-01,708,inagarten,11,2019
2019-10-01,696,inagarten,10,2019
2019-09-01,685,inagarten,9,2019
2019-08-01,671,inagarten,8,2019
2019-07-01,659,inagarten,7,2019
2019-06-01,649,inagarten,6,2019
2019-05-01,631,inagarten,5,2019
2019-04-01,629,inagarten,4,2019
2019-03-01,622,inagarten,3,2019
2019-02-01,612,inagarten,2,2019
2019-01-01,606,inagarten,1,2019
2022-12-01,753,ballerinafarm,12,2022
2022-11-01,746,ballerinafarm,11,2022
2022-10-01,741,ballerinafarm,10,2022
2022-09-01,730,ballerinafarm,9,2022
2022-08-01,721,ballerinafarm,8,2022
2022-07-01,713,ballerinafarm,7,2022
2022-06-01,705,ballerinafarm,6,2022
2022-05-01,699,ballerinafarm,5,2022
2022-04-01,689,ballerinafarm,4,2022
2022-03-01,677,ballerinafarm,3,2022
2022-02-01,669,ballerinafarm,2,2022
2022-01-01,665,ballerinafarm,1,2022
2021-12-01,662,ballerinafarm,12,2021
2021-11-01,655,ballerinafarm,11,2021
2021-10-01,649,ballerinafarm,10,2021
2021-09-01,640,ballerinafarm,9,2021
2021-08-03,630,ballerinafarm,8,2021
2021-07-01,625,ballerinafarm,7,2021
2021-06-01,622,ballerinafarm,6,2021
2021-05-01,617,ballerinafarm,5,2021
2021-04-01,612,ballerinafarm,4,2021
2021-03-01,606,ballerinafarm,3,2021
2021-02-01,599,ballerinafarm,2,2021
2021-01-01,596,ballerinafarm,1,2021
2020-12-01,595,ballerinafarm,12,2020
2020-11-01,590,ballerinafarm,11,2020
2020-10-01,584,ballerinafarm,10,2020
2020-09-01,579,ballerinafarm,9,2020
2020-08-01,572,ballerinafarm,8,2020
2020-07-01,567,ballerinafarm,7,2020
2020-06-01,564,ballerinafarm,6,2020
2020-05-01,557,ballerinafarm,5,2020
2020-04-01,554,ballerinafarm,4,2020
2020-03-01,548,ballerinafarm,3,2020
2020-02-01,542,ballerinafarm,2,2020
2020-01-01,535,ballerinafarm,1,2020
2019-12-01,528,ballerinafarm,12,2019
2019-11-01,519,ballerinafarm,11,2019
2019-10-01,512,ballerinafarm,10,2019
2019-09-01,496,ballerinafarm,9,2019
2019-08-01,480,ballerinafarm,8,2019
2019-07-01,470,ballerinafarm,7,2019
2019-06-01,457,ballerinafarm,6,2019
2019-05-01,442,ballerinafarm,5,2019
2019-04-01,428,ballerinafarm,4,2019
2019-03-01,415,ballerinafarm,3,2019
2019-02-01,405,ballerinafarm,2,2019
2019-01-01,396,ballerinafarm,1,2019
2022-12-01,3554,shannonsharpe84,12,2022
2022-11-01,3507,shannonsharpe84,11,2022
2022-10-01,3466,shannonsharpe84,10,2022
2022-09-01,3458,shannonsharpe84,9,2022
2022-08-01,3461,shannonsharpe84,8,2022
2022-07-01,3442,shannonsharpe84,7,2022
2022-06-01,3429,shannonsharpe84,6,2022
2022-05-01,3412,shannonsharpe84,5,2022
2022-04-01,3382,shannonsharpe84,4,2022
2022-03-01,3347,shannonsharpe84,3,2022
2022-02-01,3325,shannonsharpe84,2,2022
2022-01-01,3296,shannonsharpe84,1,2022
2021-12-01,3272,shannonsharpe84,12,2021
2021-11-01,3245,shannonsharpe84,11,2021
2021-10-01,3220,shannonsharpe84,10,2021
2021-09-01,3155,shannonsharpe84,9,2021
2021-08-02,3100,shannonsharpe84,8,2021
2021-07-01,3062,shannonsharpe84,7,2021
2021-06-01,3017,shannonsharpe84,6,2021
2021-05-01,2980,shannonsharpe84,5,2021
2021-04-01,2939,shannonsharpe84,4,2021
2021-03-01,2879,shannonsharpe84,3,2021
2021-02-01,2822,shannonsharpe84,2,2021
2021-01-01,2741,shannonsharpe84,1,2021
2020-12-01,2672,shannonsharpe84,12,2020
2020-11-01,2597,shannonsharpe84,11,2020
2020-10-01,2537,shannonsharpe84,10,2020
2020-09-01,2467,shannonsharpe84,9,2020
2020-08-01,2408,shannonsharpe84,8,2020
2020-07-01,2354,shannonsharpe84,7,2020
2020-06-01,2283,shannonsharpe84,6,2020
2020-05-01,2216,shannonsharpe84,5,2020
2020-04-01,2149,shannonsharpe84,4,2020
2020-03-01,2084,shannonsharpe84,3,2020
2020-02-01,2021,shannonsharpe84,2,2020
2020-01-01,1933,shannonsharpe84,1,2020
2019-12-01,1863,shannonsharpe84,12,2019
2019-11-01,1789,shannonsharpe84,11,2019
2019-10-01,1707,shannonsharpe84,10,2019
2019-09-01,1618,shannonsharpe84,9,2019
2019-08-01,1562,shannonsharpe84,8,2019
2019-07-01,1501,shannonsharpe84,7,2019
2019-06-01,1439,shannonsharpe84,6,2019
2019-05-01,1358,shannonsharpe84,5,2019
2019-04-01,1293,shannonsharpe84,4,2019
2019-03-01,1231,shannonsharpe84,3,2019
2019-02-01,1176,shannonsharpe84,2,2019
2019-01-01,1087,shannonsharpe84,1,2019
2022-12-01,2467,brittanyaldean,12,2022
2022-11-01,2448,brittanyaldean,11,2022
2022-10-01,2425,brittanyaldean,10,2022
2022-09-01,2407,brittanyaldean,9,2022
2022-08-01,2386,brittanyaldean,8,2022
2022-07-01,2374,brittanyaldean,7,2022
2022-06-01,2351,brittanyaldean,6,2022
2022-05-01,2345,brittanyaldean,5,2022
2022-04-01,2336,brittanyaldean,4,2022
2022-03-01,2312,brittanyaldean,3,2022
2022-02-01,2294,brittanyaldean,2,2022
2022-01-01,2275,brittanyaldean,1,2022
2021-12-01,2255,brittanyaldean,12,2021
2021-11-01,2236,brittanyaldean,11,2021
2021-10-01,2212,brittanyaldean,10,2021
2021-09-01,2180,brittanyaldean,9,2021
2021-08-02,2168,brittanyaldean,8,2021
2021-07-01,2153,brittanyaldean,7,2021
2021-06-01,2121,brittanyaldean,6,2021
2021-05-01,2091,brittanyaldean,5,2021
2021-04-01,2061,brittanyaldean,4,2021
2021-03-02,2043,brittanyaldean,3,2021
2021-02-01,2004,brittanyaldean,2,2021
2021-01-01,1976,brittanyaldean,1,2021
2020-12-01,1947,brittanyaldean,12,2020
2020-11-01,1922,brittanyaldean,11,2020
2020-10-01,1882,brittanyaldean,10,2020
2020-09-01,1860,brittanyaldean,9,2020
2020-08-01,1833,brittanyaldean,8,2020
2020-07-01,1787,brittanyaldean,7,2020
2020-06-01,1763,brittanyaldean,6,2020
2020-05-01,1738,brittanyaldean,5,2020
2020-04-01,1699,brittanyaldean,4,2020
2020-03-01,1667,brittanyaldean,3,2020
2020-02-01,1626,brittanyaldean,2,2020
2020-01-01,1583,brittanyaldean,1,2020
2019-12-01,1545,brittanyaldean,12,2019
2019-11-01,1514,brittanyaldean,11,2019
2019-10-01,1479,brittanyaldean,10,2019
2019-09-01,1436,brittanyaldean,9,2019
2019-08-01,1404,brittanyaldean,8,2019
2019-07-01,1374,brittanyaldean,7,2019
2019-06-01,1338,brittanyaldean,6,2019
2019-05-01,1305,brittanyaldean,5,2019
2019-04-01,1274,brittanyaldean,4,2019
2019-03-01,1251,brittanyaldean,3,2019
2019-02-01,1237,brittanyaldean,2,2019
2019-01-01,1219,brittanyaldean,1,2019
2022-12-01,5869,horo.scopesdaily,12,2022
2022-11-01,5820,horo.scopesdaily,11,2022
2022-10-01,5773,horo.scopesdaily,10,2022
2022-09-01,5725,horo.scopesdaily,9,2022
2022-08-01,5672,horo.scopesdaily,8,2022
2022-07-01,5621,horo.scopesdaily,7,2022
2022-06-01,5547,horo.scopesdaily,6,2022
2022-05-01,5455,horo.scopesdaily,5,2022
2022-04-01,5372,horo.scopesdaily,4,2022
2022-03-01,5286,horo.scopesdaily,3,2022
2022-02-01,5221,horo.scopesdaily,2,2022
2022-01-01,5149,horo.scopesdaily,1,2022
2021-12-01,5090,horo.scopesdaily,12,2021
2021-11-01,5037,horo.scopesdaily,11,2021
2021-10-01,4979,horo.scopesdaily,10,2021
2021-09-01,4918,horo.scopesdaily,9,2021
2021-08-02,4866,horo.scopesdaily,8,2021
2021-07-01,4806,horo.scopesdaily,7,2021
2021-06-01,4753,horo.scopesdaily,6,2021
2021-05-01,4708,horo.scopesdaily,5,2021
2021-04-01,4662,horo.scopesdaily,4,2021
2021-03-01,4606,horo.scopesdaily,3,2021
2021-02-01,4580,horo.scopesdaily,2,2021
2021-01-01,4534,horo.scopesdaily,1,2021
2020-12-01,4507,horo.scopesdaily,12,2020
2020-11-01,4471,horo.scopesdaily,11,2020
2020-10-01,4434,horo.scopesdaily,10,2020
2020-09-01,4390,horo.scopesdaily,9,2020
2020-08-01,4345,horo.scopesdaily,8,2020
2020-07-01,4311,horo.scopesdaily,7,2020
2020-06-01,4270,horo.scopesdaily,6,2020
2020-05-02,4237,horo.scopesdaily,5,2020
2020-04-01,4211,horo.scopesdaily,4,2020
2020-03-01,4184,horo.scopesdaily,3,2020
2020-02-01,4168,horo.scopesdaily,2,2020
2020-01-01,4140,horo.scopesdaily,1,2020
2019-12-01,4110,horo.scopesdaily,12,2019
2019-11-01,4084,horo.scopesdaily,11,2019
2019-10-01,4052,horo.scopesdaily,10,2019
2019-09-01,4028,horo.scopesdaily,9,2019
2019-08-01,4002,horo.scopesdaily,8,2019
2019-07-01,3971,horo.scopesdaily,7,2019
2019-06-01,3940,horo.scopesdaily,6,2019
2019-05-01,3910,horo.scopesdaily,5,2019
2019-04-01,3890,horo.scopesdaily,4,2019
2019-03-02,3862,horo.scopesdaily,3,2019
2019-02-09,3840,horo.scopesdaily,2,2019
2019-01-01,3805,horo.scopesdaily,1,2019
2022-12-01,1683,laur_akins,12,2022
2022-11-01,1677,laur_akins,11,2022
2022-10-01,1676,laur_akins,10,2022
2022-09-01,1676,laur_akins,9,2022
2022-08-01,1675,laur_akins,8,2022
2022-07-01,1675,laur_akins,7,2022
2022-06-01,1674,laur_akins,6,2022
2022-05-01,1674,laur_akins,5,2022
2022-04-01,1672,laur_akins,4,2022
2022-03-01,1672,laur_akins,3,2022
2022-02-01,1670,laur_akins,2,2022
2022-01-01,1667,laur_akins,1,2022
2021-12-01,1665,laur_akins,12,2021
2021-11-01,1657,laur_akins,11,2021
2021-10-01,1647,laur_akins,10,2021
2021-09-01,1645,laur_akins,9,2021
2021-08-03,1642,laur_akins,8,2021
2021-07-01,1638,laur_akins,7,2021
2021-06-01,1637,laur_akins,6,2021
2021-05-01,1628,laur_akins,5,2021
2021-04-01,1620,laur_akins,4,2021
2021-03-01,1616,laur_akins,3,2021
2021-02-01,1608,laur_akins,2,2021
2021-01-01,1605,laur_akins,1,2021
2020-12-01,1602,laur_akins,12,2020
2020-11-01,1593,laur_akins,11,2020
2020-10-01,1585,laur_akins,10,2020
2020-09-01,1580,laur_akins,9,2020
2020-08-01,1571,laur_akins,8,2020
2020-07-01,1569,laur_akins,7,2020
2020-06-01,1566,laur_akins,6,2020
2020-05-01,1564,laur_akins,5,2020
2020-04-01,1561,laur_akins,4,2020
2020-03-01,1555,laur_akins,3,2020
2020-02-01,1551,laur_akins,2,2020
2020-01-01,1548,laur_akins,1,2020
2019-12-01,1540,laur_akins,12,2019
2019-11-01,1527,laur_akins,11,2019
2019-10-01,1518,laur_akins,10,2019
2019-09-01,1508,laur_akins,9,2019
2019-08-01,1501,laur_akins,8,2019
2019-07-01,1496,laur_akins,7,2019
2019-06-01,1496,laur_akins,6,2019
2019-05-02,1491,laur_akins,5,2019
2019-04-01,1486,laur_akins,4,2019
2019-03-01,1475,laur_akins,3,2019
2019-02-01,1468,laur_akins,2,2019
2019-01-01,1463,laur_akins,1,2019
2022-12-01,801,joelle_fletcher,12,2022
2022-11-01,795,joelle_fletcher,11,2022
2022-10-01,793,joelle_fletcher,10,2022
2022-09-01,790,joelle_fletcher,9,2022
2022-08-01,792,joelle_fletcher,8,2022
2022-07-01,788,joelle_fletcher,7,2022
2022-06-01,785,joelle_fletcher,6,2022
2022-05-01,775,joelle_fletcher,5,2022
2022-04-01,771,joelle_fletcher,4,2022
2022-03-01,760,joelle_fletcher,3,2022
2022-02-01,754,joelle_fletcher,2,2022
2022-01-01,752,joelle_fletcher,1,2022
2021-12-01,748,joelle_fletcher,12,2021
2021-11-01,736,joelle_fletcher,11,2021
2021-10-01,732,joelle_fletcher,10,2021
2021-09-01,730,joelle_fletcher,9,2021
2021-08-01,720,joelle_fletcher,8,2021
2021-07-01,717,joelle_fletcher,7,2021
2021-06-01,715,joelle_fletcher,6,2021
2021-05-01,710,joelle_fletcher,5,2021
2021-04-01,707,joelle_fletcher,4,2021
2021-03-01,698,joelle_fletcher,3,2021
2021-02-01,692,joelle_fletcher,2,2021
2021-01-01,688,joelle_fletcher,1,2021
2020-12-01,679,joelle_fletcher,12,2020
2020-11-01,677,joelle_fletcher,11,2020
2020-10-01,669,joelle_fletcher,10,2020
2020-09-01,667,joelle_fletcher,9,2020
2020-08-01,659,joelle_fletcher,8,2020
2020-07-01,655,joelle_fletcher,7,2020
2020-06-01,658,joelle_fletcher,6,2020
2020-05-01,657,joelle_fletcher,5,2020
2020-04-01,652,joelle_fletcher,4,2020
2020-03-01,649,joelle_fletcher,3,2020
2020-02-01,644,joelle_fletcher,2,2020
2020-01-01,640,joelle_fletcher,1,2020
2019-12-01,631,joelle_fletcher,12,2019
2019-11-01,624,joelle_fletcher,11,2019
2019-10-01,614,joelle_fletcher,10,2019
2019-09-01,604,joelle_fletcher,9,2019
2019-08-01,586,joelle_fletcher,8,2019
2019-07-12,574,joelle_fletcher,7,2019
2019-05-01,559,joelle_fletcher,5,2019
2019-04-26,558,joelle_fletcher,4,2019
2019-03-01,544,joelle_fletcher,3,2019
2019-02-01,536,joelle_fletcher,2,2019
2019-01-01,530,joelle_fletcher,1,2019
2022-12-01,2968,theprettymess,12,2022
2022-11-01,2963,theprettymess,11,2022
2022-10-01,2958,theprettymess,10,2022
2022-09-01,2948,theprettymess,9,2022
2022-08-01,2936,theprettymess,8,2022
2022-07-01,2928,theprettymess,7,2022
2022-06-01,2919,theprettymess,6,2022
2022-05-01,2905,theprettymess,5,2022
2022-04-01,2891,theprettymess,4,2022
2022-03-01,2882,theprettymess,3,2022
2022-02-01,2870,theprettymess,2,2022
2022-01-01,2860,theprettymess,1,2022
2021-12-01,2847,theprettymess,12,2021
2021-11-01,2842,theprettymess,11,2021
2021-10-01,2837,theprettymess,10,2021
2021-09-01,2827,theprettymess,9,2021
2021-08-03,2818,theprettymess,8,2021
2021-07-01,2804,theprettymess,7,2021
2021-06-01,2795,theprettymess,6,2021
2021-05-01,2784,theprettymess,5,2021
2021-04-01,2771,theprettymess,4,2021
2021-03-01,2756,theprettymess,3,2021
2021-02-02,2735,theprettymess,2,2021
2021-01-01,2704,theprettymess,1,2021
2020-12-01,2691,theprettymess,12,2020
2020-11-01,2687,theprettymess,11,2020
2020-10-01,2665,theprettymess,10,2020
2020-09-01,2644,theprettymess,9,2020
2020-08-01,2619,theprettymess,8,2020
2020-07-01,2599,theprettymess,7,2020
2020-06-01,2582,theprettymess,6,2020
2020-05-01,2554,theprettymess,5,2020
2020-04-01,2534,theprettymess,4,2020
2020-03-01,2512,theprettymess,3,2020
2020-02-01,2488,theprettymess,2,2020
2020-01-01,2472,theprettymess,1,2020
2019-12-01,2463,theprettymess,12,2019
2019-11-01,2442,theprettymess,11,2019
2019-10-01,2429,theprettymess,10,2019
2019-09-01,2416,theprettymess,9,2019
2019-08-20,2405,theprettymess,8,2019
2019-04-01,2292,theprettymess,4,2019
2019-03-01,2265,theprettymess,3,2019
2019-02-01,2231,theprettymess,2,2019
2019-01-01,2199,theprettymess,1,2019
2022-12-01,543,ozthementalist,12,2022
2022-11-01,541,ozthementalist,11,2022
2022-10-01,537,ozthementalist,10,2022
2022-09-01,536,ozthementalist,9,2022
2022-08-01,537,ozthementalist,8,2022
2022-07-01,536,ozthementalist,7,2022
2022-06-01,536,ozthementalist,6,2022
2022-05-01,533,ozthementalist,5,2022
2022-04-01,527,ozthementalist,4,2022
2022-03-01,523,ozthementalist,3,2022
2022-02-01,520,ozthementalist,2,2022
2022-01-01,518,ozthementalist,1,2022
2021-12-01,517,ozthementalist,12,2021
2021-11-01,516,ozthementalist,11,2021
2021-10-01,515,ozthementalist,10,2021
2021-09-01,515,ozthementalist,9,2021
2021-08-01,515,ozthementalist,8,2021
2021-07-01,514,ozthementalist,7,2021
2021-06-01,514,ozthementalist,6,2021
2021-05-01,514,ozthementalist,5,2021
2021-04-02,513,ozthementalist,4,2021
2021-03-01,513,ozthementalist,3,2021
2021-02-01,512,ozthementalist,2,2021
2021-01-01,511,ozthementalist,1,2021
2020-12-01,511,ozthementalist,12,2020
2020-11-01,512,ozthementalist,11,2020
2020-10-01,509,ozthementalist,10,2020
2020-09-01,508,ozthementalist,9,2020
2020-08-01,506,ozthementalist,8,2020
2020-07-01,503,ozthementalist,7,2020
2020-06-01,498,ozthementalist,6,2020
2020-05-01,494,ozthementalist,5,2020
2020-04-01,492,ozthementalist,4,2020
2020-03-01,492,ozthementalist,3,2020
2020-02-01,489,ozthementalist,2,2020
2020-01-01,482,ozthementalist,1,2020
2019-12-01,481,ozthementalist,12,2019
2019-11-01,478,ozthementalist,11,2019
2019-10-01,477,ozthementalist,10,2019
2019-09-01,477,ozthementalist,9,2019
2019-08-01,474,ozthementalist,8,2019
2019-07-01,472,ozthementalist,7,2019
2019-06-01,471,ozthementalist,6,2019
2019-05-01,463,ozthementalist,5,2019
2019-04-01,461,ozthementalist,4,2019
2019-03-02,460,ozthementalist,3,2019
2019-02-01,457,ozthementalist,2,2019
2019-01-01,454,ozthementalist,1,2019
2022-12-01,2356,krista.horton,12,2022
2022-11-01,2353,krista.horton,11,2022
2022-10-01,2350,krista.horton,10,2022
2022-09-01,2348,krista.horton,9,2022
2022-08-01,2345,krista.horton,8,2022
2022-07-01,2342,krista.horton,7,2022
2022-06-01,2340,krista.horton,6,2022
2022-05-01,2335,krista.horton,5,2022
2022-04-01,2328,krista.horton,4,2022
2022-03-01,2324,krista.horton,3,2022
2022-02-01,2318,krista.horton,2,2022
2022-01-01,2314,krista.horton,1,2022
2021-12-01,2307,krista.horton,12,2021
2021-11-01,2302,krista.horton,11,2021
2021-10-01,2294,krista.horton,10,2021
2021-09-01,2286,krista.horton,9,2021
2021-08-01,2277,krista.horton,8,2021
2021-07-01,2270,krista.horton,7,2021
2021-06-01,2263,krista.horton,6,2021
2021-05-01,2257,krista.horton,5,2021
2021-04-01,2246,krista.horton,4,2021
2021-03-01,2235,krista.horton,3,2021
2021-02-01,2226,krista.horton,2,2021
2021-01-01,2218,krista.horton,1,2021
2020-12-01,2206,krista.horton,12,2020
2020-11-01,2190,krista.horton,11,2020
2020-10-01,2174,krista.horton,10,2020
2020-09-01,2156,krista.horton,9,2020
2020-08-01,2140,krista.horton,8,2020
2020-07-01,2126,krista.horton,7,2020
2020-06-01,2111,krista.horton,6,2020
2020-05-01,2093,krista.horton,5,2020
2020-04-01,2074,krista.horton,4,2020
2020-03-01,2055,krista.horton,3,2020
2020-02-01,2037,krista.horton,2,2020
2020-01-01,2010,krista.horton,1,2020
2019-12-01,1989,krista.horton,12,2019
2019-11-01,1978,krista.horton,11,2019
2019-10-01,1954,krista.horton,10,2019
2019-09-01,1930,krista.horton,9,2019
2019-08-20,1921,krista.horton,8,2019
2019-04-01,1813,krista.horton,4,2019
2019-03-01,1791,krista.horton,3,2019
2019-02-01,1774,krista.horton,2,2019
2019-01-01,1748,krista.horton,1,2019
2022-12-01,2473,witneycarson,12,2022
2022-11-01,2462,witneycarson,11,2022
2022-10-01,2456,witneycarson,10,2022
2022-09-01,2445,witneycarson,9,2022
2022-08-01,2432,witneycarson,8,2022
2022-07-01,2404,witneycarson,7,2022
2022-06-01,2383,witneycarson,6,2022
2022-05-01,2362,witneycarson,5,2022
2022-04-01,2346,witneycarson,4,2022
2022-03-01,2330,witneycarson,3,2022
2022-02-01,2316,witneycarson,2,2022
2022-01-01,2297,witneycarson,1,2022
2021-12-01,2277,witneycarson,12,2021
2021-11-01,2261,witneycarson,11,2021
2021-10-01,2237,witneycarson,10,2021
2021-09-01,2209,witneycarson,9,2021
2021-08-01,2187,witneycarson,8,2021
2021-07-01,2160,witneycarson,7,2021
2021-06-01,2136,witneycarson,6,2021
2021-05-01,2112,witneycarson,5,2021
2021-04-01,2087,witneycarson,4,2021
2021-03-01,2076,witneycarson,3,2021
2021-02-01,2062,witneycarson,2,2021
2021-01-01,2048,witneycarson,1,2021
2020-12-01,2036,witneycarson,12,2020
2020-11-01,2026,witneycarson,11,2020
2020-10-01,2016,witneycarson,10,2020
2020-09-01,2006,witneycarson,9,2020
2020-08-01,1997,witneycarson,8,2020
2020-07-01,1992,witneycarson,7,2020
2020-06-01,1987,witneycarson,6,2020
2020-05-01,1984,witneycarson,5,2020
2020-04-01,1975,witneycarson,4,2020
2020-03-01,1967,witneycarson,3,2020
2020-02-01,1962,witneycarson,2,2020
2020-01-01,1950,witneycarson,1,2020
2019-12-01,1945,witneycarson,12,2019
2019-11-01,1935,witneycarson,11,2019
2019-10-01,1925,witneycarson,10,2019
2019-09-01,1917,witneycarson,9,2019
2019-08-01,1909,witneycarson,8,2019
2019-07-01,1893,witneycarson,7,2019
2019-06-01,1874,witneycarson,6,2019
2019-05-02,1864,witneycarson,5,2019
2019-04-01,1844,witneycarson,4,2019
2019-03-01,1833,witneycarson,3,2019
2019-02-01,1824,witneycarson,2,2019
2019-01-01,1812,witneycarson,1,2019
2022-12-01,4251,myaplanet9,12,2022
2022-11-01,4248,myaplanet9,11,2022
2022-10-01,4242,myaplanet9,10,2022
2022-09-01,4243,myaplanet9,9,2022
2022-08-01,4224,myaplanet9,8,2022
2022-07-01,4213,myaplanet9,7,2022
2022-06-01,4198,myaplanet9,6,2022
2022-05-01,4186,myaplanet9,5,2022
2022-04-01,4170,myaplanet9,4,2022
2022-03-01,4158,myaplanet9,3,2022
2022-02-01,4148,myaplanet9,2,2022
2022-01-01,4146,myaplanet9,1,2022
2021-12-01,4125,myaplanet9,12,2021
2021-11-01,4115,myaplanet9,11,2021
2021-10-01,4097,myaplanet9,10,2021
2021-09-02,4083,myaplanet9,9,2021
2021-08-01,4068,myaplanet9,8,2021
2021-07-01,4055,myaplanet9,7,2021
2021-06-01,4043,myaplanet9,6,2021
2021-05-01,4038,myaplanet9,5,2021
2021-04-01,4034,myaplanet9,4,2021
2021-03-01,4030,myaplanet9,3,2021
2021-02-01,4006,myaplanet9,2,2021
2021-01-01,3992,myaplanet9,1,2021
2020-12-01,3967,myaplanet9,12,2020
2020-11-01,3937,myaplanet9,11,2020
2020-10-01,3892,myaplanet9,10,2020
2020-09-01,3867,myaplanet9,9,2020
2020-08-01,3845,myaplanet9,8,2020
2020-07-01,3815,myaplanet9,7,2020
2020-06-01,3795,myaplanet9,6,2020
2020-05-01,3779,myaplanet9,5,2020
2020-04-01,3747,myaplanet9,4,2020
2020-03-01,3715,myaplanet9,3,2020
2020-02-01,3678,myaplanet9,2,2020
2020-01-01,3659,myaplanet9,1,2020
2019-12-01,3641,myaplanet9,12,2019
2019-11-01,3620,myaplanet9,11,2019
2019-10-01,3587,myaplanet9,10,2019
2019-09-01,3556,myaplanet9,9,2019
2019-08-01,3530,myaplanet9,8,2019
2019-07-01,3496,myaplanet9,7,2019
2019-06-01,3467,myaplanet9,6,2019
2019-05-01,3447,myaplanet9,5,2019
2019-04-01,3409,myaplanet9,4,2019
2019-03-01,3391,myaplanet9,3,2019
2019-02-01,3369,myaplanet9,2,2019
2019-01-01,3348,myaplanet9,1,2019
2022-12-01,710,christianmccaffrey,12,2022
2022-11-01,707,christianmccaffrey,11,2022
2022-10-01,700,christianmccaffrey,10,2022
2022-09-01,696,christianmccaffrey,9,2022
2022-08-01,693,christianmccaffrey,8,2022
2022-07-01,690,christianmccaffrey,7,2022
2022-06-01,680,christianmccaffrey,6,2022
2022-05-01,670,christianmccaffrey,5,2022
2022-04-01,663,christianmccaffrey,4,2022
2022-03-01,656,christianmccaffrey,3,2022
2022-02-01,647,christianmccaffrey,2,2022
2022-01-01,646,christianmccaffrey,1,2022
2021-12-01,646,christianmccaffrey,12,2021
2021-11-01,640,christianmccaffrey,11,2021
2021-10-01,640,christianmccaffrey,10,2021
2021-09-01,635,christianmccaffrey,9,2021
2021-08-03,634,christianmccaffrey,8,2021
2021-07-01,620,christianmccaffrey,7,2021
2021-06-01,614,christianmccaffrey,6,2021
2021-05-01,599,christianmccaffrey,5,2021
2021-04-01,588,christianmccaffrey,4,2021
2021-03-01,578,christianmccaffrey,3,2021
2021-02-01,570,christianmccaffrey,2,2021
2021-01-01,561,christianmccaffrey,1,2021
2020-12-01,558,christianmccaffrey,12,2020
2020-11-01,555,christianmccaffrey,11,2020
2020-10-01,555,christianmccaffrey,10,2020
2020-09-01,550,christianmccaffrey,9,2020
2020-08-01,548,christianmccaffrey,8,2020
2020-07-01,541,christianmccaffrey,7,2020
2020-06-01,537,christianmccaffrey,6,2020
2020-05-01,530,christianmccaffrey,5,2020
2020-04-01,514,christianmccaffrey,4,2020
2020-03-01,512,christianmccaffrey,3,2020
2020-02-01,500,christianmccaffrey,2,2020
2020-01-01,490,christianmccaffrey,1,2020
2019-12-01,476,christianmccaffrey,12,2019
2019-11-01,461,christianmccaffrey,11,2019
2019-10-01,447,christianmccaffrey,10,2019
2019-09-01,436,christianmccaffrey,9,2019
2019-08-01,426,christianmccaffrey,8,2019
2019-07-01,414,christianmccaffrey,7,2019
2019-06-01,403,christianmccaffrey,6,2019
2019-05-01,389,christianmccaffrey,5,2019
2019-04-01,378,christianmccaffrey,4,2019
2019-03-02,371,christianmccaffrey,3,2019
2019-02-01,365,christianmccaffrey,2,2019
2019-01-01,358,christianmccaffrey,1,2019
2022-12-01,3924,hairby_chrissy,12,2022
2022-11-24,3919,hairby_chrissy,11,2022
2022-03-01,3778,hairby_chrissy,3,2022
2022-02-01,3755,hairby_chrissy,2,2022
2022-01-01,3735,hairby_chrissy,1,2022
2021-12-01,3712,hairby_chrissy,12,2021
2021-11-01,3687,hairby_chrissy,11,2021
2021-10-01,3659,hairby_chrissy,10,2021
2021-09-01,3633,hairby_chrissy,9,2021
2021-08-03,3607,hairby_chrissy,8,2021
2021-07-01,3583,hairby_chrissy,7,2021
2021-06-01,3555,hairby_chrissy,6,2021
2021-05-01,3524,hairby_chrissy,5,2021
2021-04-01,3492,hairby_chrissy,4,2021
2021-03-01,3461,hairby_chrissy,3,2021
2021-02-02,3427,hairby_chrissy,2,2021
2021-01-01,3396,hairby_chrissy,1,2021
2020-12-01,3364,hairby_chrissy,12,2020
2020-11-01,3340,hairby_chrissy,11,2020
2020-10-01,3306,hairby_chrissy,10,2020
2020-09-01,3279,hairby_chrissy,9,2020
2020-08-01,3239,hairby_chrissy,8,2020
2020-07-01,3210,hairby_chrissy,7,2020
2020-06-01,3182,hairby_chrissy,6,2020
2020-05-01,3150,hairby_chrissy,5,2020
2020-04-01,3113,hairby_chrissy,4,2020
2020-03-01,3068,hairby_chrissy,3,2020
2020-02-01,3017,hairby_chrissy,2,2020
2020-01-01,2975,hairby_chrissy,1,2020
2019-12-01,2937,hairby_chrissy,12,2019
2019-11-01,2902,hairby_chrissy,11,2019
2019-10-01,2863,hairby_chrissy,10,2019
2019-09-01,2829,hairby_chrissy,9,2019
2019-08-01,2787,hairby_chrissy,8,2019
2019-07-01,2756,hairby_chrissy,7,2019
2019-06-01,2725,hairby_chrissy,6,2019
2019-05-01,2684,hairby_chrissy,5,2019
2019-04-01,2642,hairby_chrissy,4,2019
2019-03-01,2586,hairby_chrissy,3,2019
2019-02-01,2530,hairby_chrissy,2,2019
2019-01-01,2469,hairby_chrissy,1,2019
2022-12-01,1895,codyrigsby,12,2022
2022-11-01,1886,codyrigsby,11,2022
2022-10-01,1880,codyrigsby,10,2022
2022-09-01,1871,codyrigsby,9,2022
2022-08-01,1864,codyrigsby,8,2022
2022-07-01,1856,codyrigsby,7,2022
2022-06-01,1858,codyrigsby,6,2022
2022-05-01,1847,codyrigsby,5,2022
2022-04-01,1833,codyrigsby,4,2022
2022-03-01,1809,codyrigsby,3,2022
2022-02-01,1791,codyrigsby,2,2022
2022-01-01,1772,codyrigsby,1,2022
2021-12-01,1755,codyrigsby,12,2021
2021-11-01,1736,codyrigsby,11,2021
2021-10-01,1721,codyrigsby,10,2021
2021-09-01,1709,codyrigsby,9,2021
2021-08-02,1695,codyrigsby,8,2021
2021-07-01,1687,codyrigsby,7,2021
2021-06-01,1674,codyrigsby,6,2021
2021-05-01,1658,codyrigsby,5,2021
2021-04-01,1647,codyrigsby,4,2021
2021-03-01,1646,codyrigsby,3,2021
2021-02-01,1640,codyrigsby,2,2021
2021-01-01,1633,codyrigsby,1,2021
2020-12-01,1622,codyrigsby,12,2020
2020-11-01,1608,codyrigsby,11,2020
2020-10-01,1596,codyrigsby,10,2020
2020-09-01,1582,codyrigsby,9,2020
2020-08-01,1575,codyrigsby,8,2020
2020-07-01,1564,codyrigsby,7,2020
2020-06-01,1555,codyrigsby,6,2020
2020-05-01,1543,codyrigsby,5,2020
2020-04-01,1532,codyrigsby,4,2020
2020-03-01,1522,codyrigsby,3,2020
2020-02-01,1515,codyrigsby,2,2020
2020-01-01,1506,codyrigsby,1,2020
2019-12-01,1492,codyrigsby,12,2019
2019-11-01,1483,codyrigsby,11,2019
2019-10-01,1473,codyrigsby,10,2019
2019-09-01,1463,codyrigsby,9,2019
2019-08-01,1445,codyrigsby,8,2019
2019-07-01,1438,codyrigsby,7,2019
2019-06-01,1420,codyrigsby,6,2019
2019-05-01,1409,codyrigsby,5,2019
2019-04-01,1399,codyrigsby,4,2019
2019-03-02,1407,codyrigsby,3,2019
2019-02-01,1390,codyrigsby,2,2019
2019-01-01,1380,codyrigsby,1,2019
2022-12-01,2154,jadelizroper,12,2022
2022-11-01,2149,jadelizroper,11,2022
2022-10-01,2142,jadelizroper,10,2022
2022-09-01,2140,jadelizroper,9,2022
2022-08-01,2137,jadelizroper,8,2022
2022-07-01,2130,jadelizroper,7,2022
2022-06-01,2125,jadelizroper,6,2022
2022-05-01,2122,jadelizroper,5,2022
2022-04-01,2115,jadelizroper,4,2022
2022-03-01,2111,jadelizroper,3,2022
2022-02-01,2108,jadelizroper,2,2022
2022-01-01,2104,jadelizroper,1,2022
2021-12-01,2092,jadelizroper,12,2021
2021-11-01,2081,jadelizroper,11,2021
2021-10-01,2065,jadelizroper,10,2021
2021-09-01,2055,jadelizroper,9,2021
2021-08-01,2042,jadelizroper,8,2021
2021-07-01,2031,jadelizroper,7,2021
2021-06-01,2019,jadelizroper,6,2021
2021-05-01,2010,jadelizroper,5,2021
2021-04-01,1999,jadelizroper,4,2021
2021-03-01,1992,jadelizroper,3,2021
2021-02-01,1980,jadelizroper,2,2021
2021-01-01,1963,jadelizroper,1,2021
2020-12-01,1943,jadelizroper,12,2020
2020-11-01,1926,jadelizroper,11,2020
2020-10-01,1908,jadelizroper,10,2020
2020-09-01,1897,jadelizroper,9,2020
2020-08-01,1883,jadelizroper,8,2020
2020-07-01,1869,jadelizroper,7,2020
2020-06-01,1860,jadelizroper,6,2020
2020-05-01,1843,jadelizroper,5,2020
2020-04-01,1840,jadelizroper,4,2020
2020-03-01,1823,jadelizroper,3,2020
2020-02-01,1809,jadelizroper,2,2020
2020-01-01,1799,jadelizroper,1,2020
2019-12-01,1782,jadelizroper,12,2019
2019-11-01,1770,jadelizroper,11,2019
2019-10-01,1750,jadelizroper,10,2019
2019-09-01,1736,jadelizroper,9,2019
2019-08-01,1717,jadelizroper,8,2019
2019-07-01,1700,jadelizroper,7,2019
2019-06-01,1683,jadelizroper,6,2019
2019-05-02,1659,jadelizroper,5,2019
2019-04-01,1634,jadelizroper,4,2019
2019-03-01,1609,jadelizroper,3,2019
2019-02-01,1592,jadelizroper,2,2019
2019-01-01,1575,jadelizroper,1,2019
2022-12-01,875,duggarfam,12,2022
2022-11-01,875,duggarfam,11,2022
2022-10-01,875,duggarfam,10,2022
2022-09-01,875,duggarfam,9,2022
2022-08-01,875,duggarfam,8,2022
2022-07-01,875,duggarfam,7,2022
2022-06-01,875,duggarfam,6,2022
2022-05-01,874,duggarfam,5,2022
2022-04-01,874,duggarfam,4,2022
2022-03-01,873,duggarfam,3,2022
2022-02-01,873,duggarfam,2,2022
2022-01-01,872,duggarfam,1,2022
2021-12-01,872,duggarfam,12,2021
2021-11-01,865,duggarfam,11,2021
2021-10-01,865,duggarfam,10,2021
2021-09-01,860,duggarfam,9,2021
2021-08-02,858,duggarfam,8,2021
2021-07-01,855,duggarfam,7,2021
2021-06-01,854,duggarfam,6,2021
2021-05-01,854,duggarfam,5,2021
2021-04-01,848,duggarfam,4,2021
2021-03-01,845,duggarfam,3,2021
2021-02-01,839,duggarfam,2,2021
2021-01-01,837,duggarfam,1,2021
2020-12-02,829,duggarfam,12,2020
2020-11-01,818,duggarfam,11,2020
2020-10-01,813,duggarfam,10,2020
2020-09-01,809,duggarfam,9,2020
2020-08-01,797,duggarfam,8,2020
2020-07-01,788,duggarfam,7,2020
2020-06-01,778,duggarfam,6,2020
2020-05-01,769,duggarfam,5,2020
2020-04-01,762,duggarfam,4,2020
2020-03-01,756,duggarfam,3,2020
2020-02-01,751,duggarfam,2,2020
2020-01-01,743,duggarfam,1,2020
2019-12-01,729,duggarfam,12,2019
2019-11-01,716,duggarfam,11,2019
2019-10-01,704,duggarfam,10,2019
2019-09-01,695,duggarfam,9,2019
2019-08-01,683,duggarfam,8,2019
2019-07-01,673,duggarfam,7,2019
2019-06-01,664,duggarfam,6,2019
2019-05-01,658,duggarfam,5,2019
2019-04-01,640,duggarfam,4,2019
2019-03-01,703,duggarfam,3,2019
2019-02-01,700,duggarfam,2,2019
2019-01-01,697,duggarfam,1,2019
2022-12-01,1043,chikalogy,12,2022
2022-11-01,1043,chikalogy,11,2022
2022-10-01,1037,chikalogy,10,2022
2022-09-01,1036,chikalogy,9,2022
2022-08-01,1035,chikalogy,8,2022
2022-07-01,1031,chikalogy,7,2022
2022-06-01,1027,chikalogy,6,2022
2022-05-01,1026,chikalogy,5,2022
2022-04-01,1024,chikalogy,4,2022
2022-03-01,1020,chikalogy,3,2022
2022-02-01,1017,chikalogy,2,2022
2022-01-01,1012,chikalogy,1,2022
2021-12-01,1007,chikalogy,12,2021
2021-11-01,1006,chikalogy,11,2021
2021-10-01,999,chikalogy,10,2021
2021-09-01,999,chikalogy,9,2021
2021-08-03,997,chikalogy,8,2021
2021-07-01,979,chikalogy,7,2021
2021-06-01,964,chikalogy,6,2021
2021-05-01,944,chikalogy,5,2021
2021-04-01,935,chikalogy,4,2021
2021-03-01,915,chikalogy,3,2021
2021-02-01,905,chikalogy,2,2021
2021-01-01,894,chikalogy,1,2021
2020-12-01,875,chikalogy,12,2020
2020-11-01,859,chikalogy,11,2020
2020-10-01,829,chikalogy,10,2020
2020-09-01,805,chikalogy,9,2020
2020-08-01,775,chikalogy,8,2020
2020-07-01,749,chikalogy,7,2020
2020-06-01,713,chikalogy,6,2020
2020-05-01,692,chikalogy,5,2020
2020-04-01,679,chikalogy,4,2020
2020-03-01,655,chikalogy,3,2020
2020-02-01,638,chikalogy,2,2020
2020-01-20,632,chikalogy,1,2020
2019-11-01,595,chikalogy,11,2019
2019-10-01,587,chikalogy,10,2019
2019-09-01,575,chikalogy,9,2019
2019-08-20,571,chikalogy,8,2019
2019-04-01,499,chikalogy,4,2019
2019-03-02,487,chikalogy,3,2019
2019-02-01,474,chikalogy,2,2019
2019-01-01,456,chikalogy,1,2019
2022-12-01,2052,beccatilley,12,2022
2022-11-01,2043,beccatilley,11,2022
2022-10-01,2028,beccatilley,10,2022
2022-09-01,2015,beccatilley,9,2022
2022-08-01,1998,beccatilley,8,2022
2022-07-01,1929,beccatilley,7,2022
2022-06-01,1919,beccatilley,6,2022
2022-05-01,1908,beccatilley,5,2022
2022-04-01,1899,beccatilley,4,2022
2022-03-01,1883,beccatilley,3,2022
2022-02-01,1876,beccatilley,2,2022
2022-01-01,1863,beccatilley,1,2022
2021-12-01,1855,beccatilley,12,2021
2021-11-01,1843,beccatilley,11,2021
2021-10-01,1827,beccatilley,10,2021
2021-09-01,1817,beccatilley,9,2021
2021-08-02,1795,beccatilley,8,2021
2021-07-01,1773,beccatilley,7,2021
2021-06-01,1761,beccatilley,6,2021
2021-05-01,1749,beccatilley,5,2021
2021-04-01,1733,beccatilley,4,2021
2021-03-01,1717,beccatilley,3,2021
2021-02-01,1708,beccatilley,2,2021
2021-01-01,1692,beccatilley,1,2021
2020-12-01,1677,beccatilley,12,2020
2020-11-01,1664,beccatilley,11,2020
2020-10-01,1645,beccatilley,10,2020
2020-09-01,1638,beccatilley,9,2020
2020-08-01,1630,beccatilley,8,2020
2020-07-01,1622,beccatilley,7,2020
2020-06-01,1616,beccatilley,6,2020
2020-05-02,1605,beccatilley,5,2020
2020-04-01,1594,beccatilley,4,2020
2020-03-01,1585,beccatilley,3,2020
2020-02-01,1569,beccatilley,2,2020
2020-01-01,1555,beccatilley,1,2020
2019-12-01,1537,beccatilley,12,2019
2019-11-01,1517,beccatilley,11,2019
2019-10-01,1505,beccatilley,10,2019
2019-09-01,1491,beccatilley,9,2019
2019-08-20,1487,beccatilley,8,2019
2019-06-01,1479,beccatilley,6,2019
2019-05-02,1467,beccatilley,5,2019
2019-04-01,1452,beccatilley,4,2019
2019-03-01,1443,beccatilley,3,2019
2019-02-01,1433,beccatilley,2,2019
2019-01-01,1419,beccatilley,1,2019
2022-12-01,1622,wolfiesmom,12,2022
2022-11-01,1606,wolfiesmom,11,2022
2022-10-01,1589,wolfiesmom,10,2022
2022-09-01,1571,wolfiesmom,9,2022
2022-08-01,1554,wolfiesmom,8,2022
2022-07-01,1537,wolfiesmom,7,2022
2022-06-01,1518,wolfiesmom,6,2022
2022-05-01,1498,wolfiesmom,5,2022
2022-04-01,1480,wolfiesmom,4,2022
2022-03-01,1463,wolfiesmom,3,2022
2022-02-01,1446,wolfiesmom,2,2022
2022-01-01,1428,wolfiesmom,1,2022
2021-12-01,1410,wolfiesmom,12,2021
2021-11-01,1391,wolfiesmom,11,2021
2021-10-01,1373,wolfiesmom,10,2021
2021-09-02,1355,wolfiesmom,9,2021
2021-08-03,1337,wolfiesmom,8,2021
2021-07-01,1316,wolfiesmom,7,2021
2021-06-01,1294,wolfiesmom,6,2021
2021-05-01,1279,wolfiesmom,5,2021
2021-04-01,1264,wolfiesmom,4,2021
2021-03-01,1252,wolfiesmom,3,2021
2021-02-01,1238,wolfiesmom,2,2021
2021-01-01,1222,wolfiesmom,1,2021
2020-12-01,1207,wolfiesmom,12,2020
2020-11-01,1200,wolfiesmom,11,2020
2020-10-01,1195,wolfiesmom,10,2020
2020-09-01,1185,wolfiesmom,9,2020
2020-08-01,1172,wolfiesmom,8,2020
2020-07-01,1156,wolfiesmom,7,2020
2020-06-01,1143,wolfiesmom,6,2020
2020-05-01,1126,wolfiesmom,5,2020
2020-04-01,1109,wolfiesmom,4,2020
2020-03-01,1093,wolfiesmom,3,2020
2020-02-01,1081,wolfiesmom,2,2020
2020-01-01,1070,wolfiesmom,1,2020
2019-12-01,1055,wolfiesmom,12,2019
2019-11-01,1042,wolfiesmom,11,2019
2019-10-01,1032,wolfiesmom,10,2019
2019-09-01,1023,wolfiesmom,9,2019
2019-08-01,1008,wolfiesmom,8,2019
2019-07-01,994,wolfiesmom,7,2019
2019-06-01,985,wolfiesmom,6,2019
2019-05-01,970,wolfiesmom,5,2019
2019-04-01,954,wolfiesmom,4,2019
2019-03-02,938,wolfiesmom,3,2019
2019-02-01,926,wolfiesmom,2,2019
2019-01-01,921,wolfiesmom,1,2019
2022-12-01,2136,stevenrinella,12,2022
2022-11-01,2119,stevenrinella,11,2022
2022-10-01,2119,stevenrinella,10,2022
2022-09-01,2079,stevenrinella,9,2022
2022-08-01,2085,stevenrinella,8,2022
2022-07-01,2071,stevenrinella,7,2022
2022-06-01,2056,stevenrinella,6,2022
2022-05-01,2036,stevenrinella,5,2022
2022-04-01,2015,stevenrinella,4,2022
2022-03-01,1991,stevenrinella,3,2022
2022-02-01,1969,stevenrinella,2,2022
2022-01-01,1946,stevenrinella,1,2022
2021-12-01,1928,stevenrinella,12,2021
2021-11-01,1906,stevenrinella,11,2021
2021-10-01,1883,stevenrinella,10,2021
2021-09-02,1865,stevenrinella,9,2021
2021-08-03,1845,stevenrinella,8,2021
2021-07-01,1820,stevenrinella,7,2021
2021-06-01,1796,stevenrinella,6,2021
2021-05-01,1773,stevenrinella,5,2021
2021-04-01,1754,stevenrinella,4,2021
2021-03-01,1736,stevenrinella,3,2021
2021-02-01,1718,stevenrinella,2,2021
2021-01-01,1704,stevenrinella,1,2021
2020-12-01,1686,stevenrinella,12,2020
2020-11-01,1667,stevenrinella,11,2020
2020-10-01,1653,stevenrinella,10,2020
2020-09-01,1633,stevenrinella,9,2020
2020-08-01,1614,stevenrinella,8,2020
2020-07-01,1601,stevenrinella,7,2020
2020-06-01,1578,stevenrinella,6,2020
2020-05-01,1557,stevenrinella,5,2020
2020-04-01,1536,stevenrinella,4,2020
2020-03-01,1517,stevenrinella,3,2020
2020-02-01,1501,stevenrinella,2,2020
2020-01-01,1480,stevenrinella,1,2020
2019-12-01,1457,stevenrinella,12,2019
2019-11-01,1434,stevenrinella,11,2019
2019-10-01,1409,stevenrinella,10,2019
2019-09-01,1387,stevenrinella,9,2019
2019-08-01,1369,stevenrinella,8,2019
2019-07-01,1353,stevenrinella,7,2019
2019-06-01,1335,stevenrinella,6,2019
2019-05-01,1311,stevenrinella,5,2019
2019-04-01,1286,stevenrinella,4,2019
2019-03-01,1266,stevenrinella,3,2019
2019-02-01,1248,stevenrinella,2,2019
2019-01-01,1222,stevenrinella,1,2019
2022-12-02,565,pattiegonia,12,2022
2022-11-01,540,pattiegonia,11,2022
2022-10-01,526,pattiegonia,10,2022
2022-09-01,523,pattiegonia,9,2022
2022-08-01,519,pattiegonia,8,2022
2022-07-01,517,pattiegonia,7,2022
2022-06-01,507,pattiegonia,6,2022
2022-05-01,497,pattiegonia,5,2022
2022-04-01,486,pattiegonia,4,2022
2022-03-01,478,pattiegonia,3,2022
2022-02-01,471,pattiegonia,2,2022
2022-01-01,465,pattiegonia,1,2022
2021-12-01,455,pattiegonia,12,2021
2021-11-01,441,pattiegonia,11,2021
2021-10-01,431,pattiegonia,10,2021
2021-09-01,421,pattiegonia,9,2021
2021-08-02,414,pattiegonia,8,2021
2021-07-01,404,pattiegonia,7,2021
2021-06-01,393,pattiegonia,6,2021
2021-05-01,383,pattiegonia,5,2021
2021-04-01,371,pattiegonia,4,2021
2021-03-01,364,pattiegonia,3,2021
2021-02-01,359,pattiegonia,2,2021
2021-01-01,352,pattiegonia,1,2021
2020-12-01,342,pattiegonia,12,2020
2020-11-01,330,pattiegonia,11,2020
2020-10-01,323,pattiegonia,10,2020
2020-09-01,323,pattiegonia,9,2020
2020-08-01,315,pattiegonia,8,2020
2020-07-01,307,pattiegonia,7,2020
2020-06-01,293,pattiegonia,6,2020
2020-05-01,293,pattiegonia,5,2020
2020-04-01,288,pattiegonia,4,2020
2020-03-01,278,pattiegonia,3,2020
2020-02-01,268,pattiegonia,2,2020
2020-01-01,257,pattiegonia,1,2020
2019-12-01,245,pattiegonia,12,2019
2019-11-01,226,pattiegonia,11,2019
2019-10-01,216,pattiegonia,10,2019
2019-09-01,201,pattiegonia,9,2019
2019-08-01,185,pattiegonia,8,2019
2019-07-01,171,pattiegonia,7,2019
2019-06-01,147,pattiegonia,6,2019
2019-05-01,129,pattiegonia,5,2019
2019-04-01,117,pattiegonia,4,2019
2019-03-01,101,pattiegonia,3,2019
2019-02-01,77,pattiegonia,2,2019
2019-01-15,64,pattiegonia,1,2019
2022-12-01,1547,karrie_locher,12,2022
2022-11-01,1539,karrie_locher,11,2022
2022-10-01,1527,karrie_locher,10,2022
2022-09-01,1522,karrie_locher,9,2022
2022-08-01,1514,karrie_locher,8,2022
2022-07-01,1494,karrie_locher,7,2022
2022-06-01,1482,karrie_locher,6,2022
2022-05-01,1469,karrie_locher,5,2022
2022-04-01,1455,karrie_locher,4,2022
2022-03-01,1442,karrie_locher,3,2022
2022-02-01,1431,karrie_locher,2,2022
2022-01-01,1415,karrie_locher,1,2022
2021-12-01,1402,karrie_locher,12,2021
2021-11-01,1389,karrie_locher,11,2021
2021-10-01,1380,karrie_locher,10,2021
2021-09-01,1372,karrie_locher,9,2021
2021-08-03,1362,karrie_locher,8,2021
2021-07-01,1352,karrie_locher,7,2021
2021-06-01,1341,karrie_locher,6,2021
2021-05-01,1334,karrie_locher,5,2021
2021-04-01,1323,karrie_locher,4,2021
2021-03-01,1313,karrie_locher,3,2021
2021-02-01,1302,karrie_locher,2,2021
2021-01-01,1293,karrie_locher,1,2021
2020-12-01,1279,karrie_locher,12,2020
2020-11-01,1268,karrie_locher,11,2020
2020-10-01,1255,karrie_locher,10,2020
2020-09-01,1240,karrie_locher,9,2020
2020-08-01,1226,karrie_locher,8,2020
2020-07-01,1205,karrie_locher,7,2020
2020-06-01,1190,karrie_locher,6,2020
2020-05-01,1169,karrie_locher,5,2020
2020-04-01,1149,karrie_locher,4,2020
2020-03-01,1134,karrie_locher,3,2020
2020-02-01,1119,karrie_locher,2,2020
2020-01-01,1096,karrie_locher,1,2020
2019-12-01,1075,karrie_locher,12,2019
2019-11-01,1055,karrie_locher,11,2019
2019-10-01,1035,karrie_locher,10,2019
2019-09-01,1021,karrie_locher,9,2019
2019-08-01,1003,karrie_locher,8,2019
2019-07-01,992,karrie_locher,7,2019
2019-06-01,975,karrie_locher,6,2019
2019-05-01,956,karrie_locher,5,2019
2019-04-01,946,karrie_locher,4,2019
2019-03-02,937,karrie_locher,3,2019
2019-02-01,925,karrie_locher,2,2019
2019-01-01,909,karrie_locher,1,2019
2022-12-01,5732,the_mommy_talks,12,2022
2022-11-01,5571,the_mommy_talks,11,2022
2022-10-01,5421,the_mommy_talks,10,2022
2022-09-01,5268,the_mommy_talks,9,2022
2022-08-01,5123,the_mommy_talks,8,2022
2022-07-01,4987,the_mommy_talks,7,2022
2022-06-01,4856,the_mommy_talks,6,2022
2022-05-01,4715,the_mommy_talks,5,2022
2022-04-01,4594,the_mommy_talks,4,2022
2022-03-01,4454,the_mommy_talks,3,2022
2022-02-01,4376,the_mommy_talks,2,2022
2022-01-01,4236,the_mommy_talks,1,2022
2021-12-01,4093,the_mommy_talks,12,2021
2021-11-01,3965,the_mommy_talks,11,2021
2021-10-01,3849,the_mommy_talks,10,2021
2021-09-01,3738,the_mommy_talks,9,2021
2021-08-01,3618,the_mommy_talks,8,2021
2021-07-01,3491,the_mommy_talks,7,2021
2021-06-01,3372,the_mommy_talks,6,2021
2021-05-01,3260,the_mommy_talks,5,2021
2021-04-01,3161,the_mommy_talks,4,2021
2021-03-01,3045,the_mommy_talks,3,2021
2021-02-01,2937,the_mommy_talks,2,2021
2021-01-01,2828,the_mommy_talks,1,2021
2020-12-01,2704,the_mommy_talks,12,2020
2020-11-01,2600,the_mommy_talks,11,2020
2020-10-01,2490,the_mommy_talks,10,2020
2020-09-01,2356,the_mommy_talks,9,2020
2020-08-01,2299,the_mommy_talks,8,2020
2020-07-01,2234,the_mommy_talks,7,2020
2020-06-01,2141,the_mommy_talks,6,2020
2020-05-01,2038,the_mommy_talks,5,2020
2020-04-01,1970,the_mommy_talks,4,2020
2020-03-01,1877,the_mommy_talks,3,2020
2020-02-01,1771,the_mommy_talks,2,2020
2020-01-01,1691,the_mommy_talks,1,2020
2019-12-01,1606,the_mommy_talks,12,2019
2019-11-01,1564,the_mommy_talks,11,2019
2019-10-01,1539,the_mommy_talks,10,2019
2019-09-01,1507,the_mommy_talks,9,2019
2019-08-01,1487,the_mommy_talks,8,2019
2019-07-01,1396,the_mommy_talks,7,2019
2019-06-01,1303,the_mommy_talks,6,2019
2019-05-01,1194,the_mommy_talks,5,2019
2019-04-01,1080,the_mommy_talks,4,2019
2019-03-01,1017,the_mommy_talks,3,2019
2019-02-01,936,the_mommy_talks,2,2019
2019-01-01,837,the_mommy_talks,1,2019
2022-12-01,1867,d1pop,12,2022
2022-11-01,1859,d1pop,11,2022
2022-10-01,1846,d1pop,10,2022
2022-09-01,1836,d1pop,9,2022
2022-08-01,1818,d1pop,8,2022
2022-07-01,1810,d1pop,7,2022
2022-06-01,1794,d1pop,6,2022
2022-05-01,1779,d1pop,5,2022
2022-04-01,1767,d1pop,4,2022
2022-03-01,1758,d1pop,3,2022
2022-02-01,1750,d1pop,2,2022
2022-01-01,1734,d1pop,1,2022
2021-12-01,1719,d1pop,12,2021
2021-11-01,1695,d1pop,11,2021
2021-10-01,1661,d1pop,10,2021
2021-09-01,1634,d1pop,9,2021
2021-08-03,1593,d1pop,8,2021
2021-07-01,1564,d1pop,7,2021
2021-06-01,1529,d1pop,6,2021
2021-05-01,1495,d1pop,5,2021
2021-04-01,1440,d1pop,4,2021
2021-03-01,1398,d1pop,3,2021
2021-02-01,1362,d1pop,2,2021
2021-01-01,1315,d1pop,1,2021
2020-12-01,1272,d1pop,12,2020
2020-11-01,1225,d1pop,11,2020
2020-10-01,1159,d1pop,10,2020
2020-09-01,1098,d1pop,9,2020
2020-08-01,1060,d1pop,8,2020
2020-07-02,1046,d1pop,7,2020
2020-06-01,966,d1pop,6,2020
2020-05-01,882,d1pop,5,2020
2020-04-01,779,d1pop,4,2020
2020-03-01,683,d1pop,3,2020
2020-02-01,609,d1pop,2,2020
2020-01-01,567,d1pop,1,2020
2019-12-01,468,d1pop,12,2019
2019-11-01,405,d1pop,11,2019
2019-10-01,318,d1pop,10,2019
2019-09-01,232,d1pop,9,2019
2019-08-20,202,d1pop,8,2019
2019-05-01,25,d1pop,5,2019
2019-04-01,3,d1pop,4,2019
2019-03-01,48,d1pop,3,2019
2019-02-01,47,d1pop,2,2019
2019-01-01,41,d1pop,1,2019
2022-12-01,1646,redturn2,12,2022
2022-11-01,1640,redturn2,11,2022
2022-10-01,1632,redturn2,10,2022
2022-09-01,1616,redturn2,9,2022
2022-08-01,1593,redturn2,8,2022
2022-07-01,1574,redturn2,7,2022
2022-06-01,1561,redturn2,6,2022
2022-05-01,1546,redturn2,5,2022
2022-04-01,1526,redturn2,4,2022
2022-03-01,1513,redturn2,3,2022
2022-02-01,1498,redturn2,2,2022
2022-01-01,1489,redturn2,1,2022
2021-12-01,1477,redturn2,12,2021
2021-11-01,1462,redturn2,11,2021
2021-10-01,1445,redturn2,10,2021
2021-09-01,1413,redturn2,9,2021
2021-08-01,1381,redturn2,8,2021
2021-07-02,1347,redturn2,7,2021
2021-06-01,1322,redturn2,6,2021
2021-05-01,1294,redturn2,5,2021
2021-04-01,1261,redturn2,4,2021
2021-03-01,1235,redturn2,3,2021
2021-02-01,1224,redturn2,2,2021
2021-01-01,1221,redturn2,1,2021
2020-12-01,1215,redturn2,12,2020
2020-11-01,1206,redturn2,11,2020
2020-10-01,1190,redturn2,10,2020
2020-09-01,1174,redturn2,9,2020
2020-08-01,1147,redturn2,8,2020
2020-07-01,1119,redturn2,7,2020
2020-06-01,1111,redturn2,6,2020
2020-05-01,1101,redturn2,5,2020
2020-04-01,1094,redturn2,4,2020
2020-03-01,1084,redturn2,3,2020
2020-02-01,1067,redturn2,2,2020
2020-01-01,1061,redturn2,1,2020
2019-12-01,1046,redturn2,12,2019
2019-11-01,1038,redturn2,11,2019
2019-10-01,1034,redturn2,10,2019
2019-09-01,1022,redturn2,9,2019
2019-08-01,1001,redturn2,8,2019
2019-07-01,993,redturn2,7,2019
2019-06-01,981,redturn2,6,2019
2019-05-02,964,redturn2,5,2019
2019-04-01,961,redturn2,4,2019
2019-03-01,942,redturn2,3,2019
2019-02-01,930,redturn2,2,2019
2019-01-01,915,redturn2,1,2019
2022-12-01,5959,grew_up_in_the_70s_and_80s,12,2022
2022-11-01,5815,grew_up_in_the_70s_and_80s,11,2022
2022-10-01,5652,grew_up_in_the_70s_and_80s,10,2022
2022-09-01,5519,grew_up_in_the_70s_and_80s,9,2022
2022-08-01,5373,grew_up_in_the_70s_and_80s,8,2022
2022-07-01,5241,grew_up_in_the_70s_and_80s,7,2022
2022-06-01,5104,grew_up_in_the_70s_and_80s,6,2022
2022-05-01,4982,grew_up_in_the_70s_and_80s,5,2022
2022-04-01,4843,grew_up_in_the_70s_and_80s,4,2022
2022-03-01,4718,grew_up_in_the_70s_and_80s,3,2022
2022-02-01,4606,grew_up_in_the_70s_and_80s,2,2022
2022-01-01,4466,grew_up_in_the_70s_and_80s,1,2022
2021-12-01,4336,grew_up_in_the_70s_and_80s,12,2021
2021-11-01,4206,grew_up_in_the_70s_and_80s,11,2021
2021-10-01,4083,grew_up_in_the_70s_and_80s,10,2021
2021-09-01,3973,grew_up_in_the_70s_and_80s,9,2021
2021-08-03,3859,grew_up_in_the_70s_and_80s,8,2021
2021-07-01,3721,grew_up_in_the_70s_and_80s,7,2021
2021-06-01,3616,grew_up_in_the_70s_and_80s,6,2021
2021-05-01,3495,grew_up_in_the_70s_and_80s,5,2021
2021-04-01,3383,grew_up_in_the_70s_and_80s,4,2021
2021-03-02,3264,grew_up_in_the_70s_and_80s,3,2021
2021-02-01,3150,grew_up_in_the_70s_and_80s,2,2021
2021-01-01,3029,grew_up_in_the_70s_and_80s,1,2021
2020-12-01,2893,grew_up_in_the_70s_and_80s,12,2020
2020-11-01,2777,grew_up_in_the_70s_and_80s,11,2020
2020-10-01,2659,grew_up_in_the_70s_and_80s,10,2020
2020-09-01,2521,grew_up_in_the_70s_and_80s,9,2020
2020-08-01,2483,grew_up_in_the_70s_and_80s,8,2020
2020-07-01,2429,grew_up_in_the_70s_and_80s,7,2020
2020-06-01,2365,grew_up_in_the_70s_and_80s,6,2020
2020-05-01,2277,grew_up_in_the_70s_and_80s,5,2020
2020-04-01,2179,grew_up_in_the_70s_and_80s,4,2020
2020-03-01,2067,grew_up_in_the_70s_and_80s,3,2020
2020-02-01,1961,grew_up_in_the_70s_and_80s,2,2020
2020-01-01,1889,grew_up_in_the_70s_and_80s,1,2020
2019-12-01,1800,grew_up_in_the_70s_and_80s,12,2019
2019-11-01,1752,grew_up_in_the_70s_and_80s,11,2019
2019-10-01,1697,grew_up_in_the_70s_and_80s,10,2019
2019-09-01,1657,grew_up_in_the_70s_and_80s,9,2019
2019-08-01,1562,grew_up_in_the_70s_and_80s,8,2019
2019-07-01,1532,grew_up_in_the_70s_and_80s,7,2019
2019-06-01,1416,grew_up_in_the_70s_and_80s,6,2019
2019-05-01,1321,grew_up_in_the_70s_and_80s,5,2019
2019-04-01,1219,grew_up_in_the_70s_and_80s,4,2019
2019-03-01,1096,grew_up_in_the_70s_and_80s,3,2019
2019-02-01,954,grew_up_in_the_70s_and_80s,2,2019
2019-01-01,840,grew_up_in_the_70s_and_80s,1,2019
2022-12-01,650,madissonhaus,12,2022
2022-11-01,650,madissonhaus,11,2022
2022-10-01,651,madissonhaus,10,2022
2022-09-01,651,madissonhaus,9,2022
2022-08-01,650,madissonhaus,8,2022
2022-07-01,647,madissonhaus,7,2022
2022-06-01,643,madissonhaus,6,2022
2022-05-01,636,madissonhaus,5,2022
2022-04-01,636,madissonhaus,4,2022
2022-03-01,634,madissonhaus,3,2022
2022-02-01,631,madissonhaus,2,2022
2022-01-01,630,madissonhaus,1,2022
2021-12-01,629,madissonhaus,12,2021
2021-11-01,629,madissonhaus,11,2021
2021-10-01,624,madissonhaus,10,2021
2021-09-01,620,madissonhaus,9,2021
2021-08-03,617,madissonhaus,8,2021
2021-07-01,616,madissonhaus,7,2021
2021-06-01,613,madissonhaus,6,2021
2021-05-01,610,madissonhaus,5,2021
2021-04-01,605,madissonhaus,4,2021
2021-03-01,602,madissonhaus,3,2021
2021-02-01,599,madissonhaus,2,2021
2021-01-01,593,madissonhaus,1,2021
2020-12-01,588,madissonhaus,12,2020
2020-11-01,578,madissonhaus,11,2020
2020-10-01,574,madissonhaus,10,2020
2020-09-01,571,madissonhaus,9,2020
2020-08-01,558,madissonhaus,8,2020
2020-07-01,555,madissonhaus,7,2020
2020-06-01,546,madissonhaus,6,2020
2020-05-01,544,madissonhaus,5,2020
2020-04-01,540,madissonhaus,4,2020
2020-03-01,530,madissonhaus,3,2020
2020-02-01,523,madissonhaus,2,2020
2020-01-01,517,madissonhaus,1,2020
2019-12-01,507,madissonhaus,12,2019
2019-11-01,506,madissonhaus,11,2019
2019-10-01,503,madissonhaus,10,2019
2019-09-01,492,madissonhaus,9,2019
2019-08-01,488,madissonhaus,8,2019
2019-07-01,478,madissonhaus,7,2019
2019-06-01,473,madissonhaus,6,2019
2019-05-02,468,madissonhaus,5,2019
2019-04-01,452,madissonhaus,4,2019
2019-03-01,434,madissonhaus,3,2019
2019-02-01,430,madissonhaus,2,2019
2019-01-01,409,madissonhaus,1,2019
2022-12-01,592,dynastyloveyou,12,2022
2022-11-01,584,dynastyloveyou,11,2022
2022-10-01,578,dynastyloveyou,10,2022
2022-09-01,576,dynastyloveyou,9,2022
2022-08-01,573,dynastyloveyou,8,2022
2022-07-01,558,dynastyloveyou,7,2022
2022-06-01,558,dynastyloveyou,6,2022
2022-05-01,553,dynastyloveyou,5,2022
2022-04-01,548,dynastyloveyou,4,2022
2022-03-01,546,dynastyloveyou,3,2022
2022-02-01,544,dynastyloveyou,2,2022
2022-01-01,540,dynastyloveyou,1,2022
2021-12-01,538,dynastyloveyou,12,2021
2021-11-01,532,dynastyloveyou,11,2021
2021-10-01,531,dynastyloveyou,10,2021
2021-09-01,531,dynastyloveyou,9,2021
2021-08-01,529,dynastyloveyou,8,2021
2021-07-01,529,dynastyloveyou,7,2021
2021-06-01,529,dynastyloveyou,6,2021
2021-05-01,528,dynastyloveyou,5,2021
2021-04-01,527,dynastyloveyou,4,2021
2021-03-01,525,dynastyloveyou,3,2021
2021-02-01,523,dynastyloveyou,2,2021
2021-01-01,523,dynastyloveyou,1,2021
2020-12-01,520,dynastyloveyou,12,2020
2020-11-01,520,dynastyloveyou,11,2020
2020-10-01,515,dynastyloveyou,10,2020
2020-09-01,513,dynastyloveyou,9,2020
2020-08-01,510,dynastyloveyou,8,2020
2020-07-01,505,dynastyloveyou,7,2020
2020-06-01,500,dynastyloveyou,6,2020
2020-05-01,496,dynastyloveyou,5,2020
2020-04-01,490,dynastyloveyou,4,2020
2020-03-01,482,dynastyloveyou,3,2020
2020-02-01,477,dynastyloveyou,2,2020
2020-01-01,473,dynastyloveyou,1,2020
2019-12-01,471,dynastyloveyou,12,2019
2019-11-01,468,dynastyloveyou,11,2019
2019-10-01,460,dynastyloveyou,10,2019
2019-09-01,449,dynastyloveyou,9,2019
2019-08-01,441,dynastyloveyou,8,2019
2019-07-01,426,dynastyloveyou,7,2019
2019-06-01,414,dynastyloveyou,6,2019
2019-05-01,408,dynastyloveyou,5,2019
2019-04-01,393,dynastyloveyou,4,2019
2019-03-01,383,dynastyloveyou,3,2019
2019-02-01,376,dynastyloveyou,2,2019
2019-01-01,367,dynastyloveyou,1,2019
2022-12-01,1362,hannahberner,12,2022
2022-11-01,1340,hannahberner,11,2022
2022-10-01,1327,hannahberner,10,2022
2022-09-01,1309,hannahberner,9,2022
2022-08-01,1289,hannahberner,8,2022
2022-07-01,1267,hannahberner,7,2022
2022-06-01,1259,hannahberner,6,2022
2022-05-01,1250,hannahberner,5,2022
2022-04-01,1240,hannahberner,4,2022
2022-03-01,1231,hannahberner,3,2022
2022-02-01,1225,hannahberner,2,2022
2022-01-01,1217,hannahberner,1,2022
2021-12-01,1208,hannahberner,12,2021
2021-11-01,1198,hannahberner,11,2021
2021-10-01,1187,hannahberner,10,2021
2021-09-01,1176,hannahberner,9,2021
2021-08-03,1168,hannahberner,8,2021
2021-07-01,1157,hannahberner,7,2021
2021-06-01,1135,hannahberner,6,2021
2021-05-01,1123,hannahberner,5,2021
2021-04-01,1101,hannahberner,4,2021
2021-03-01,1071,hannahberner,3,2021
2021-02-01,1046,hannahberner,2,2021
2021-01-01,1023,hannahberner,1,2021
2020-12-01,994,hannahberner,12,2020
2020-11-01,963,hannahberner,11,2020
2020-10-01,936,hannahberner,10,2020
2020-09-01,916,hannahberner,9,2020
2020-08-01,896,hannahberner,8,2020
2020-07-01,871,hannahberner,7,2020
2020-06-01,844,hannahberner,6,2020
2020-05-01,816,hannahberner,5,2020
2020-04-01,774,hannahberner,4,2020
2020-03-01,742,hannahberner,3,2020
2020-02-01,712,hannahberner,2,2020
2020-01-01,683,hannahberner,1,2020
2019-12-01,654,hannahberner,12,2019
2019-11-01,622,hannahberner,11,2019
2019-10-01,588,hannahberner,10,2019
2019-09-01,560,hannahberner,9,2019
2019-08-01,534,hannahberner,8,2019
2019-07-01,509,hannahberner,7,2019
2019-06-01,476,hannahberner,6,2019
2019-05-01,441,hannahberner,5,2019
2019-04-01,398,hannahberner,4,2019
2019-03-02,362,hannahberner,3,2019
2019-02-01,334,hannahberner,2,2019
2019-01-01,308,hannahberner,1,2019
2022-12-01,1228,sydelcurrylee,12,2022
2022-11-01,1216,sydelcurrylee,11,2022
2022-10-01,1204,sydelcurrylee,10,2022
2022-09-01,1194,sydelcurrylee,9,2022
2022-08-01,1188,sydelcurrylee,8,2022
2022-07-01,1180,sydelcurrylee,7,2022
2022-06-01,1166,sydelcurrylee,6,2022
2022-05-01,1157,sydelcurrylee,5,2022
2022-04-01,1143,sydelcurrylee,4,2022
2022-03-01,1137,sydelcurrylee,3,2022
2022-02-01,1129,sydelcurrylee,2,2022
2022-01-01,1117,sydelcurrylee,1,2022
2021-12-01,1104,sydelcurrylee,12,2021
2021-11-01,1092,sydelcurrylee,11,2021
2021-10-01,1074,sydelcurrylee,10,2021
2021-09-01,1064,sydelcurrylee,9,2021
2021-08-01,1054,sydelcurrylee,8,2021
2021-07-01,1044,sydelcurrylee,7,2021
2021-06-01,1035,sydelcurrylee,6,2021
2021-05-01,1023,sydelcurrylee,5,2021
2021-04-01,1013,sydelcurrylee,4,2021
2021-03-01,1000,sydelcurrylee,3,2021
2021-02-01,984,sydelcurrylee,2,2021
2021-01-01,974,sydelcurrylee,1,2021
2020-12-01,959,sydelcurrylee,12,2020
2020-11-01,943,sydelcurrylee,11,2020
2020-10-01,923,sydelcurrylee,10,2020
2020-09-01,907,sydelcurrylee,9,2020
2020-08-01,893,sydelcurrylee,8,2020
2020-07-01,878,sydelcurrylee,7,2020
2020-06-01,862,sydelcurrylee,6,2020
2020-05-01,849,sydelcurrylee,5,2020
2020-04-01,836,sydelcurrylee,4,2020
2020-03-01,822,sydelcurrylee,3,2020
2020-02-01,805,sydelcurrylee,2,2020
2020-01-01,791,sydelcurrylee,1,2020
2019-12-01,778,sydelcurrylee,12,2019
2019-11-01,766,sydelcurrylee,11,2019
2019-10-01,750,sydelcurrylee,10,2019
2019-09-01,735,sydelcurrylee,9,2019
2019-08-01,718,sydelcurrylee,8,2019
2019-07-01,705,sydelcurrylee,7,2019
2019-06-01,685,sydelcurrylee,6,2019
2019-05-01,666,sydelcurrylee,5,2019
2019-04-01,652,sydelcurrylee,4,2019
2019-03-02,631,sydelcurrylee,3,2019
2019-02-01,618,sydelcurrylee,2,2019
2019-01-01,602,sydelcurrylee,1,2019
2022-12-01,447,balockaye.h,12,2022
2022-11-01,442,balockaye.h,11,2022
2022-10-01,433,balockaye.h,10,2022
2022-09-01,424,balockaye.h,9,2022
2022-08-01,418,balockaye.h,8,2022
2022-07-01,407,balockaye.h,7,2022
2022-06-01,397,balockaye.h,6,2022
2022-05-01,386,balockaye.h,5,2022
2022-04-01,372,balockaye.h,4,2022
2022-03-01,360,balockaye.h,3,2022
2022-02-01,351,balockaye.h,2,2022
2022-01-01,344,balockaye.h,1,2022
2021-12-01,340,balockaye.h,12,2021
2021-11-01,328,balockaye.h,11,2021
2021-10-01,318,balockaye.h,10,2021
2021-09-01,310,balockaye.h,9,2021
2021-08-01,301,balockaye.h,8,2021
2021-07-01,294,balockaye.h,7,2021
2021-06-01,288,balockaye.h,6,2021
2021-05-01,286,balockaye.h,5,2021
2021-04-01,282,balockaye.h,4,2021
2021-03-01,279,balockaye.h,3,2021
2021-02-01,275,balockaye.h,2,2021
2021-01-01,271,balockaye.h,1,2021
2020-12-01,269,balockaye.h,12,2020
2020-11-01,267,balockaye.h,11,2020
2020-10-01,263,balockaye.h,10,2020
2020-09-01,256,balockaye.h,9,2020
2020-08-01,254,balockaye.h,8,2020
2020-07-01,250,balockaye.h,7,2020
2020-06-01,248,balockaye.h,6,2020
2020-05-01,245,balockaye.h,5,2020
2020-04-01,240,balockaye.h,4,2020
2020-03-01,234,balockaye.h,3,2020
2020-02-01,223,balockaye.h,2,2020
2020-01-01,214,balockaye.h,1,2020
2019-12-01,203,balockaye.h,12,2019
2019-11-01,195,balockaye.h,11,2019
2019-10-01,183,balockaye.h,10,2019
2019-09-01,179,balockaye.h,9,2019
2019-08-01,178,balockaye.h,8,2019
2019-07-01,173,balockaye.h,7,2019
2019-06-01,173,balockaye.h,6,2019
2019-05-01,165,balockaye.h,5,2019
2019-04-01,154,balockaye.h,4,2019
2019-03-01,147,balockaye.h,3,2019
2019-02-01,142,balockaye.h,2,2019
2019-01-01,134,balockaye.h,1,2019
2022-12-01,4330,amandakloots,12,2022
2022-11-01,4304,amandakloots,11,2022
2022-10-01,4277,amandakloots,10,2022
2022-09-01,4259,amandakloots,9,2022
2022-08-01,4239,amandakloots,8,2022
2022-07-01,4211,amandakloots,7,2022
2022-06-01,4182,amandakloots,6,2022
2022-05-01,4153,amandakloots,5,2022
2022-04-01,4117,amandakloots,4,2022
2022-03-01,4079,amandakloots,3,2022
2022-02-01,4051,amandakloots,2,2022
2022-01-01,4033,amandakloots,1,2022
2021-12-01,4004,amandakloots,12,2021
2021-11-01,3966,amandakloots,11,2021
2021-10-01,3916,amandakloots,10,2021
2021-09-01,3876,amandakloots,9,2021
2021-08-02,3853,amandakloots,8,2021
2021-07-01,3817,amandakloots,7,2021
2021-06-01,3768,amandakloots,6,2021
2021-05-01,3734,amandakloots,5,2021
2021-04-01,3706,amandakloots,4,2021
2021-03-01,3674,amandakloots,3,2021
2021-02-01,3646,amandakloots,2,2021
2021-01-01,3610,amandakloots,1,2021
2020-12-01,3570,amandakloots,12,2020
2020-11-01,3541,amandakloots,11,2020
2020-10-01,3513,amandakloots,10,2020
2020-09-01,3483,amandakloots,9,2020
2020-08-01,3462,amandakloots,8,2020
2020-07-01,3438,amandakloots,7,2020
2020-06-01,3408,amandakloots,6,2020
2020-05-01,3373,amandakloots,5,2020
2020-04-01,3335,amandakloots,4,2020
2020-03-01,3304,amandakloots,3,2020
2020-02-01,3278,amandakloots,2,2020
2020-01-01,3252,amandakloots,1,2020
2019-12-01,3223,amandakloots,12,2019
2019-11-01,3193,amandakloots,11,2019
2019-10-01,3164,amandakloots,10,2019
2019-09-01,3132,amandakloots,9,2019
2019-08-01,3103,amandakloots,8,2019
2019-07-01,3071,amandakloots,7,2019
2019-06-01,3041,amandakloots,6,2019
2019-05-02,3009,amandakloots,5,2019
2019-04-01,2975,amandakloots,4,2019
2019-03-01,2950,amandakloots,3,2019
2019-02-01,2923,amandakloots,2,2019
2019-01-01,2891,amandakloots,1,2019
2022-12-01,1275,primal_gourmet,12,2022
2022-11-01,1268,primal_gourmet,11,2022
2022-10-01,1264,primal_gourmet,10,2022
2022-09-01,1259,primal_gourmet,9,2022
2022-08-01,1255,primal_gourmet,8,2022
2022-07-01,1249,primal_gourmet,7,2022
2022-06-01,1245,primal_gourmet,6,2022
2022-05-01,1240,primal_gourmet,5,2022
2022-04-01,1237,primal_gourmet,4,2022
2022-03-01,1234,primal_gourmet,3,2022
2022-02-01,1229,primal_gourmet,2,2022
2022-01-01,1225,primal_gourmet,1,2022
2021-12-01,1220,primal_gourmet,12,2021
2021-11-01,1217,primal_gourmet,11,2021
2021-10-01,1213,primal_gourmet,10,2021
2021-09-01,1208,primal_gourmet,9,2021
2021-08-02,1203,primal_gourmet,8,2021
2021-07-01,1197,primal_gourmet,7,2021
2021-06-01,1193,primal_gourmet,6,2021
2021-05-01,1185,primal_gourmet,5,2021
2021-04-01,1175,primal_gourmet,4,2021
2021-03-01,1162,primal_gourmet,3,2021
2021-02-01,1149,primal_gourmet,2,2021
2021-01-01,1134,primal_gourmet,1,2021
2020-12-01,1115,primal_gourmet,12,2020
2020-11-01,1103,primal_gourmet,11,2020
2020-10-01,1090,primal_gourmet,10,2020
2020-09-01,1076,primal_gourmet,9,2020
2020-08-01,1066,primal_gourmet,8,2020
2020-07-01,1060,primal_gourmet,7,2020
2020-06-01,1048,primal_gourmet,6,2020
2020-05-01,1034,primal_gourmet,5,2020
2020-04-01,1020,primal_gourmet,4,2020
2020-03-01,1008,primal_gourmet,3,2020
2020-02-01,1000,primal_gourmet,2,2020
2020-01-01,990,primal_gourmet,1,2020
2019-12-01,979,primal_gourmet,12,2019
2019-11-01,966,primal_gourmet,11,2019
2019-10-01,955,primal_gourmet,10,2019
2019-09-01,946,primal_gourmet,9,2019
2019-08-20,942,primal_gourmet,8,2019
2019-04-01,899,primal_gourmet,4,2019
2019-03-01,887,primal_gourmet,3,2019
2019-02-01,877,primal_gourmet,2,2019
2019-01-01,865,primal_gourmet,1,2019
2022-12-01,1853,remingtonavenue,12,2022
2022-11-01,1843,remingtonavenue,11,2022
2022-10-01,1837,remingtonavenue,10,2022
2022-09-01,1833,remingtonavenue,9,2022
2022-08-01,1826,remingtonavenue,8,2022
2022-07-01,1811,remingtonavenue,7,2022
2022-06-01,1804,remingtonavenue,6,2022
2022-05-01,1797,remingtonavenue,5,2022
2022-04-01,1793,remingtonavenue,4,2022
2022-03-01,1788,remingtonavenue,3,2022
2022-02-01,1784,remingtonavenue,2,2022
2022-01-01,1781,remingtonavenue,1,2022
2021-12-01,1776,remingtonavenue,12,2021
2021-11-01,1774,remingtonavenue,11,2021
2021-10-01,1770,remingtonavenue,10,2021
2021-09-01,1763,remingtonavenue,9,2021
2021-08-01,1758,remingtonavenue,8,2021
2021-07-01,1754,remingtonavenue,7,2021
2021-06-01,1748,remingtonavenue,6,2021
2021-05-01,1740,remingtonavenue,5,2021
2021-04-01,1737,remingtonavenue,4,2021
2021-03-01,1730,remingtonavenue,3,2021
2021-02-01,1721,remingtonavenue,2,2021
2021-01-01,1711,remingtonavenue,1,2021
2020-12-01,1695,remingtonavenue,12,2020
2020-11-01,1675,remingtonavenue,11,2020
2020-10-01,1655,remingtonavenue,10,2020
2020-09-01,1634,remingtonavenue,9,2020
2020-08-01,1611,remingtonavenue,8,2020
2020-07-01,1589,remingtonavenue,7,2020
2020-06-01,1565,remingtonavenue,6,2020
2020-05-01,1539,remingtonavenue,5,2020
2020-04-01,1511,remingtonavenue,4,2020
2020-03-01,1485,remingtonavenue,3,2020
2020-02-01,1460,remingtonavenue,2,2020
2020-01-01,1433,remingtonavenue,1,2020
2019-12-01,1406,remingtonavenue,12,2019
2019-11-01,1385,remingtonavenue,11,2019
2019-10-01,1358,remingtonavenue,10,2019
2019-09-01,1333,remingtonavenue,9,2019
2019-08-01,1305,remingtonavenue,8,2019
2019-07-01,1279,remingtonavenue,7,2019
2019-06-01,1257,remingtonavenue,6,2019
2019-05-01,1232,remingtonavenue,5,2019
2019-04-01,1207,remingtonavenue,4,2019
2019-03-01,1185,remingtonavenue,3,2019
2019-02-01,1162,remingtonavenue,2,2019
2019-01-01,1138,remingtonavenue,1,2019
2022-12-01,881,iamchrislane,12,2022
2022-11-01,874,iamchrislane,11,2022
2022-10-01,865,iamchrislane,10,2022
2022-09-01,855,iamchrislane,9,2022
2022-08-01,848,iamchrislane,8,2022
2022-07-01,836,iamchrislane,7,2022
2022-06-01,819,iamchrislane,6,2022
2022-05-01,812,iamchrislane,5,2022
2022-04-01,804,iamchrislane,4,2022
2022-03-01,782,iamchrislane,3,2022
2022-02-01,771,iamchrislane,2,2022
2022-01-01,755,iamchrislane,1,2022
2021-12-01,740,iamchrislane,12,2021
2021-11-01,723,iamchrislane,11,2021
2021-10-01,710,iamchrislane,10,2021
2021-09-01,701,iamchrislane,9,2021
2021-08-01,686,iamchrislane,8,2021
2021-07-01,665,iamchrislane,7,2021
2021-06-01,654,iamchrislane,6,2021
2021-05-01,628,iamchrislane,5,2021
2021-04-01,614,iamchrislane,4,2021
2021-03-01,605,iamchrislane,3,2021
2021-02-01,595,iamchrislane,2,2021
2021-01-01,585,iamchrislane,1,2021
2020-12-01,571,iamchrislane,12,2020
2020-11-01,563,iamchrislane,11,2020
2020-10-01,551,iamchrislane,10,2020
2020-09-01,539,iamchrislane,9,2020
2020-08-01,536,iamchrislane,8,2020
2020-07-01,526,iamchrislane,7,2020
2020-06-01,519,iamchrislane,6,2020
2020-05-01,507,iamchrislane,5,2020
2020-04-01,499,iamchrislane,4,2020
2020-03-01,483,iamchrislane,3,2020
2020-02-01,467,iamchrislane,2,2020
2020-01-01,452,iamchrislane,1,2020
2019-12-01,439,iamchrislane,12,2019
2019-11-01,425,iamchrislane,11,2019
2019-10-01,410,iamchrislane,10,2019
2019-09-01,398,iamchrislane,9,2019
2019-08-01,385,iamchrislane,8,2019
2019-07-01,367,iamchrislane,7,2019
2019-06-01,352,iamchrislane,6,2019
2019-05-01,337,iamchrislane,5,2019
2019-04-01,317,iamchrislane,4,2019
2019-03-01,301,iamchrislane,3,2019
2019-02-01,287,iamchrislane,2,2019
2019-01-01,266,iamchrislane,1,2019
